factor_id,factor_name,facet_id,facet_name,level,definition,characteristics,potential_benefits,potential_difficulties,general_strategies_tips,conclusion
1,Neuroticismo,1,Ansiedade,Alto,"A faceta Ansiedade, em nível alto, refere-se à tendência de experimentar preocupação, tensão e apreensão diante de incertezas e desafios. Na graduação, essa característica se manifesta com frequência diante de prazos apertados, exigência de produtividade acadêmica, expectativas de performance em provas e exposições em bancas de projeto ou TCC.","Pensamentos recorrentes de insegurança
● Preocupações constantes sobre desempenho em disciplinas, prazos de
relatórios, qualidade de projetos e recepção de apresentações.
● Dúvidas sobre a suficiência do próprio esforço e medo de não corresponder às
expectativas de professores, banca ou da instituição.
Tensão emocional intensa
● Sentimentos de nervosismo ao pensar na concorrência acadêmica ou em
avaliações formais.
● Dificuldade em relaxar mesmo após longas horas de estudo ou trabalho de
laboratório.
Sintomas físicos associados ao estresse
● Aceleração cardíaca, tensão muscular, sudorese, insônia e cansaço persistente,
especialmente em períodos críticos (semana de provas, entrega de projetos,
apresentação de TCC).","Prevenção e preparo antecipado
● A ansiedade pode levar a maior zelo no planejamento, revisão constante do
trabalho e busca por excelência.
Sensibilidade ao contexto
● Estudantes ansiosos tendem a identificar precocemente riscos ou
inconsistências em seus projetos e relatórios.","Redução da capacidade de concentração
● Pensamentos ansiosos competem com o foco necessário para leitura técnica,
cálculos ou programação.
Comprometimento da saúde mental
● Ansiedade crônica pode gerar esgotamento emocional, baixa autoestima e, às
vezes, sintomas depressivos.
Procrastinação paradoxal
● Medo de não atingir a perfeição pode levar a adiamentos contínuos, dificultando
a entrega de textos, códigos ou protótipos.","Organização com metas realistas
● Divida grandes tarefas em etapas menores com prazos alcançáveis. Use listas
visuais de tarefas diárias e semanais.
Técnicas de regulação emocional
● Pratique respiração diafragmática por 5 – 10 min antes de atividades exigentes
(reuniões de equipe, apresentações, escrita intensa).
● Inclua exercícios leves e regulares, como caminhadas ou alongamentos, para
liberar tensão física acumulada.
Busca ativa de suporte
● Compartilhe sentimentos com colegas de confiança, professores ou grupos de
apoio institucional.
● Se necessário, procure acompanhamento psicológico, especialmente se os
sintomas forem persistentes e impactarem o desempenho geral.","Graduandos com nível alto da faceta Ansiedade mantêm vigilância constante sobre seu desempenho, o que pode ser vantajoso quando canalizado para planejamento estratégico e aprimoramento do trabalho. Entretanto, sem regulação emocional e apoio adequado, a ansiedade pode limitar o foco, bem-estar e qualidade da produção acadêmica. Equilibrar preparo e autocuidado é essencial para sustentar o progresso ao longo do curso."
1,Neuroticismo,1,Ansiedade,Baixo,"A faceta Ansiedade, em nível baixo, indica tendência à tranquilidade emocional mesmo diante de situações desafiadoras ou incertas. No contexto da graduação, representa postura serena diante da pressão, favorecendo o foco. Contudo, a ausência de preocupação pode diminuir o senso de urgência necessário para atender às exigências do curso.","Estabilidade diante de pressões
● Capacidade de manter o foco sem se deixar abalar por prazos ou avaliações
rigorosas.
Tranquilidade ao receber feedbacks críticos ou realizar apresentações
Ausência de tensão paralisante
● Sono regular, poucos sintomas físicos de estresse, serenidade em tarefas
longas.
Desapego ao perfeccionismo
● Confiança de que o trabalho será concluído mesmo sem rigidez extrema.","Concentração sustentada
● Graduandos tranquilos tendem a trabalhar com eficiência e consistência.
Menor risco de esgotamento
● Preservação do equilíbrio físico e mental em longos períodos de dedicação
acadêmica.","Falta de senso de urgência
● Pode adiar tarefas importantes até o limite do prazo.
Menor engajamento em revisões críticas
● Pode não revisar suficientemente o trabalho ou não perceber lacunas
conceituais por não se sentir pressionado.","Ativação intencional do senso de urgência
● Use cronômetros, checklists e agendas para criar marcos intermediários e
manter ritmo constante.
● Divida as entregas em partes, com prazos curtos, mesmo que não exigidos pela
instituição.
Desafios que estimulem foco e ambição
● Participe de editais, eventos acadêmicos ou grupos de pesquisa para gerar
compromissos motivadores.
Atenção aos pontos cegos
● Solicite feedbacks regulares para compensar omissões ou descuidos.
● Reserve tempo para revisões mesmo quando confiante no material produzido.","Graduandos com nível baixo da faceta Ansiedade preservam a saúde emocional e mantêm regularidade nas tarefas. Para que a tranquilidade não leve à procrastinação ou acomodação, inclua estratégias que estimulem comprometimento com prazos e atenção a detalhes. O desafio está em equilibrar serenidade com proatividade constante."
1,Neuroticismo,1,Ansiedade,Médio,"A faceta Ansiedade, em nível médio, caracteriza-se por certa oscilação entre tranquilidade e preocupação diante das demandas da graduação. Graduandos nesse perfil experimentam momentos de apreensão diante de prazos, provas e apresentações, mas, na maior parte do tempo, conseguem manter o controle emocional e o foco. Essa alternância permite reconhecer riscos e se preparar, sem que o estresse se torne incapacitante.","● Preocupação moderada com desempenho:
Demonstra atenção aos prazos e à qualidade dos projetos, apresentando
preocupação pontual, principalmente em períodos de avaliações importantes.
● Oscilação entre serenidade e tensão:
Em situações mais desafiadoras (como semana de provas ou entrega de TCC),
pode sentir nervosismo, mas retorna ao equilíbrio após a conclusão das tarefas.
● Capacidade de recuperação:
Quando sente tensão ou preocupação, costuma adotar estratégias para
recuperar a calma, conseguindo retomar a rotina sem grandes prejuízos ao
rendimento.
● Autocrítica equilibrada:
Reconhece a importância de se preparar bem, mas evita perfeccionismo
excessivo; busca ajustar o desempenho conforme necessário.","● Preparação adequada:
A dose moderada de ansiedade serve de alerta para revisar o trabalho, planejar
melhor e evitar surpresas desagradáveis.
● Flexibilidade emocional:
Sabe alternar momentos de concentração intensa com períodos de
relaxamento, reduzindo o risco de esgotamento.
● Maior resiliência:
Consegue aprender com situações de pressão, aprimorando estratégias para
lidar com futuras demandas.","● Variação na produtividade:
Em momentos de maior ansiedade, pode ter dificuldades pontuais de foco,
procrastinando ou sentindo leve tensão física (ex.: cansaço, insônia leve).
● Risco de autocrítica exagerada em situações específicas:
Pode superestimar o impacto de um erro em provas ou projetos, sentindo-se
responsável além do necessário.","● Monitoramento da ansiedade:
Observe os sinais de preocupação e utilize técnicas de respiração ou pausas
curtas para recuperar o equilíbrio.
● Planejamento flexível:
Mantenha cronogramas ajustáveis, revisando prioridades semanalmente para
reduzir sobrecargas.
● Valorização do progresso:
Reconheça conquistas e aprendizados em cada etapa, evitando críticas
excessivas nos momentos de menor desempenho.
● Busca de suporte quando necessário:
Ao notar aumento da ansiedade em períodos críticos, converse com colegas,
professores ou utilize recursos institucionais de apoio.","Graduandos com nível médio de Ansiedade mantêm atenção saudável aos desafios acadêmicos, aproveitando a preocupação como estímulo para melhorar o desempenho sem se deixar dominar pelo estresse. O segredo está em monitorar os próprios limites, buscar equilíbrio entre preparo e descanso, e cultivar estratégias de regulação emocional para enfrentar os desafios da graduação de maneira sustentável."
1,Neuroticismo,4,Autoconsciência,Alto,"A faceta Autoconsciência, em nível alto, caracteriza-se pela sensibilidade exacerbada a julgamentos externos, levando à vergonha ao expor dúvidas, dificuldades e erros. Essa postura pode prejudicar o aprendizado, inibir a busca por auxílio e dificultar a participação ativa em debates, seminários de disciplina ou apresentações de projeto/TCC.","Excessiva Sensibilidade aos Julgamentos
● Sente vergonha ao cometer erros conceituais ou metodológicos diante de
colegas ou professores.
Desconforto com a Crítica
● Experimenta desconforto quando percebe que seu esforço ou linha de trabalho é
avaliado negativamente.
Medo de Exposição Pública
● Tem vergonha de apresentar resultados e defender argumentos em seminários,
bancas ou congressos estudantis.
Evita Compartilhar Dificuldades
● Prefere não revelar falhas para não parecer despreparado(a), limitando
aprendizado e melhoria contínua.",,"Inibição da Busca por Ajuda
● Vergonha excessiva leva à relutância em solicitar esclarecimentos ou feedback,
comprometendo a evolução acadêmica.
Atraso no Desenvolvimento
● Medo de expor dúvidas impede enfrentamento de desafios e correção de erros,
atrasando progresso em projetos.
Isolamento e Baixa Colaboração
● Dificuldade em compartilhar fragilidades gera isolamento, reduzindo a troca de
conhecimento com colegas e docentes.","Participação Gradual em Grupos de Estudo
● Comece em grupos pequenos ou fóruns on-line mais acolhedores, aumentando
gradualmente a confiança para contextos maiores.
Passo a Passo da Dúvida
● Anote a questão, revise-a e formule a pergunta de forma estruturada para colega
ou professor, reduzindo a ansiedade.
Desenvolvimento da Autoconfiança
● Trabalhe autoconhecimento e auto aceitação refletindo sobre conquistas
passadas e recebendo feedback construtivo.
Ambiente de Apoio
● Busque redes em que a troca de experiências seja valorizada e o erro seja
encarado como parte do aprendizado.","Graduandos com nível alto da faceta Autoconsciência (vergonha) demonstram grande sensibilidade às avaliações externas, o que pode inibir o desenvolvimento acadêmico ao limitar a busca por ajuda e a exposição de dúvidas. Adotar estratégias que fortaleçam a autoconfiança e a participação gradual em ambientes colaborativos é fundamental para transformar essa vulnerabilidade em oportunidade de crescimento contínuo."
1,Neuroticismo,4,Autoconsciência,Baixo,"A faceta Autoconsciência, em nível baixo, indica menor sensibilidade aos julgamentos externos, permitindo maior liberdade para expor dúvidas, dificuldades e erros. Essa atitude favorece a busca por auxílio e a participação ativa em debates e apresentações — desde painéis de disciplinas a bancas de projeto — mas requer empatia e humildade para evitar interpretações equivocadas.","Menor Preocupação com Julgamentos
● Não sente vergonha ao cometer erros, facilitando a exposição de dúvidas em
sala, laboratório ou grupo de estudo.
Conforto na Exposição
● Sente-se à vontade para apresentar resultados e defender argumentos em
seminários, congressos estudantis e discussões em grupo.
Abertura para Feedback
● Aceita críticas com facilidade e utiliza o retorno de colegas e professores para
aprimorar trabalhos.
Disposição para Compartilhar Experiências
● Compartilha falhas e dificuldades de forma construtiva, contribuindo para um
ambiente de aprendizado colaborativo.","Facilidade na Busca por Ajuda
● Menor sensibilidade ao julgamento permite solicitar auxílio e esclarecimentos
sem receios.
Estímulo à Colaboração
● Postura aberta favorece intercâmbio de ideias e construção de conhecimento em
equipe.
Crescimento Profissional
● Disposição para aprender com erros e feedback contínuo impulsiona
desenvolvimento acadêmico e qualidade dos projetos.","Excesso de Autoconfiança
● Pouca preocupação com julgamentos pode levar à negligência de revisões
críticas necessárias.
Risco de Postura Excessivamente Crítica
● Liberdade para opinar pode soar dura ou brusca se não houver equilíbrio,
afetando o clima colaborativo.","Solicitar Feedback Regular
● Aproveite facilidade em receber críticas para pedir retornos frequentes de
professores e colegas, garantindo avaliação contínua.
Cultivar a Diplomacia
● Mantenha empatia e respeito ao expor opiniões e lidar com críticas, evitando
que autoconfiança vire arrogância.
Equilíbrio entre Autonomia e Reflexão
● Continue buscando melhorias e revisões críticas mesmo quando se sentir
seguro, assegurando excelência acadêmica.
Promoção de Ambientes Colaborativos
● Participe ativamente de debates e grupos de estudo, usando postura positiva
para incentivar troca de experiências e aprendizado conjunto.","Graduandos com nível baixo da faceta Autoconsciência tendem a sentir-se seguros e abertos para expor dúvidas e receber feedback, favorecendo aprendizado e evolução dos projetos. Contudo, equilibrar autoconfiança com humildade e atenção aos detalhes é importante para que a liberdade de exposição não comprometa a qualidade e profundidade do aprendizado e desenvolvimento."
1,Neuroticismo,4,Autoconsciência,Médio,"A faceta Autoconsciência, em nível médio, caracteriza estudantes que apresentam equilíbrio entre sensibilidade aos julgamentos externos e liberdade para expor dúvidas, dificuldades ou erros. Costumam ser atentos à própria imagem perante colegas e professores, mas, na maioria das situações, conseguem participar de discussões e buscar auxílio sem se sentirem excessivamente inibidos.","● Convivência com Alguma Vergonha:
Pode sentir certo constrangimento ao cometer erros em público, mas
geralmente não deixa de participar de apresentações, seminários ou grupos de
estudo por causa disso.
● Disposição Moderada para Compartilhar Dificuldades:
Admite dúvidas e limitações quando percebe que o ambiente é acolhedor,
porém pode preferir silenciar em contextos mais competitivos ou avaliativos.
● Busca de Feedback com Critério:
Valoriza críticas construtivas, mas pode evitar exposições desnecessárias para
não correr o risco de julgamentos negativos excessivos.","● Autoproteção e Autocrítica:
A sensibilidade moderada ao julgamento ajuda a manter uma postura
cuidadosa, evitando exposição precipitada, mas sem impedir totalmente a busca
por ajuda.
● Participação Seletiva:
Tende a escolher bem os momentos de expor dúvidas, aproveitando
oportunidades seguras para aprender e aprimorar o desempenho acadêmico.
● Abertura Gradual ao Aprendizado Colaborativo:
Com o tempo, pode sentir-se mais à vontade em contextos colaborativos,
desenvolvendo autoconfiança a partir de experiências positivas.","● Oscilação na Busca por Ajuda:
Pode, em alguns períodos, hesitar em solicitar feedbacks ou participar de
discussões por receio de avaliação negativa, limitando o avanço em projetos
específicos.
● Receio de Exposição em Contextos Competitivos:
Em ambientes de alta competitividade, tende a adotar postura mais reservada,
o que pode dificultar a troca de conhecimento ou a identificação de dificuldades
reais.
● Tendência a Comparações Sociais:
Sensibilidade intermediária pode levar à autocrítica excessiva ao comparar o
próprio desempenho com o dos colegas.","● Planeje Perguntas e Participações:
Prepare previamente dúvidas ou contribuições para sentir-se mais confiante ao
se expor em reuniões, seminários ou grupos de estudo.
● Busque Ambientes Acolhedores:
Participe de grupos ou projetos em que o erro é visto como parte natural do
aprendizado, ampliando gradualmente o conforto com a exposição.
● Equilibre Autoproteção e Abertura:
Reconheça que sentir certo desconforto é natural, mas não permita que isso
impeça o acesso a recursos, feedbacks e oportunidades de desenvolvimento.
● Pratique a Autocompaixão:
Aceite que todos cometem erros e que a exposição controlada às críticas pode
contribuir para crescimento acadêmico e pessoal.","Graduandos com nível médio da faceta Autoconsciência apresentam postura equilibrada: são atentos à própria imagem, mas, com apoio e preparo, conseguem participar de forma construtiva nos contextos acadêmicos. O desenvolvimento contínuo da autoconfiança e o uso estratégico de ambientes acolhedores favorecem a superação do constrangimento pontual, ampliando as possibilidades de aprendizado, colaboração e evolução acadêmica."
1,Neuroticismo,5,Impulsividade,Alto,"A faceta Impulsividade, em nível alto, caracteriza-se pela tendência a ceder a impulsos momentâneos e distrações, abandonando o planejamento em busca de atividades mais prazerosas. Esse comportamento ocorre sem reflexão adequada, o que pode comprometer a regularidade dos estudos e o cumprimento de prazos de disciplinas, projetos ou trabalho de conclusão de curso..","Abandono do Cronograma
● Interrompe o cronograma de estudo ou projeto para realizar atividades
divertidas, mesmo sabendo que isso poderá gerar arrependimento depois.
Paralisação Imediata
● Quando o conteúdo se torna entediante, interrompe leitura, cálculo ou
programação sem considerar consequências.
Uso Excessivo de Redes Sociais
● Dedica tempo excessivo a redes sociais ou entretenimento on-line, prejudicando
o andamento das tarefas.
Pausas Prolongadas
● Faz intervalos muito mais longos do que o planejado, mesmo ciente de
deadlines próximos.","Busca por Variedade
● Tendência a buscar atividades alternativas pode estimular criatividade e oferecer
momentos de relaxamento.
Energia e Iniciativa
● Impulsividade pode, ocasionalmente, levar a ação rápida diante de situações
que exijam respostas imediatas (ex.: corrigir bug de última hora).","Desorganização do Planejamento
● Interrupções constantes podem atrasar relatórios, códigos e preparo para
provas.
Procrastinação e Arrependimento
● Abandono de planos gera arrependimento e aumenta ansiedade com prazos.
Impacto na Qualidade do Trabalho
● Falta de continuidade prejudica profundidade e consistência de projetos
acadêmicos.","Técnica “Se… então…”
● “Se sentir vontade de interromper o trabalho antes do previsto, então continuarei
por mais 10 min e reavaliarei a situação.”
Bloqueadores de Sites
● Use bloqueadores para redes sociais e sites de entretenimento nos períodos
críticos de foco.
Planejamento de Pausas Controladas
● Estabeleça intervalos programados e curtos no cronograma, garantindo
descanso sem comprometer o progresso.","Graduandos com nível alto da faceta Impulsividade tendem a abandonar seus planejamentos em prol de gratificações imediatas, o que compromete regularidade e qualidade do trabalho acadêmico. Adotar técnicas de autocontrole — como a estratégia “Se… então…” e o uso de bloqueadores de distrações — é essencial para canalizar essa tendência de forma produtiva e sustentável."
1,Neuroticismo,5,Impulsividade,Baixo,"A faceta Impulsividade, em nível baixo, indica alto grau de autocontrole e disciplina, permitindo manter o cronograma acadêmico mesmo diante de distrações. Essa postura contribui para regularidade e eficiência nos projetos, disciplinas e trabalhos de conclusão de curso.","Adesão ao Planejamento
● Mantém o cronograma de estudo ou projeto, resistindo à tentação de abandonar
tarefas para atividades mais prazerosas.
Persistência no Estudo
● Mesmo em momentos de tédio ou desmotivação, continua estudando ou
escrevendo sem interrupções impulsivas.
Uso Controlado de Redes Sociais
● Evita gastar tempo excessivo em redes sociais, direcionando esforços para o
trabalho acadêmico.
Pausas Proporcionais
● Faz pausas dentro do tempo previsto, garantindo produtividade.","Regularidade e Consistência
● Autocontrole permite rotina organizada e cumprimento de prazos, favorecendo o
andamento dos projetos.
Alto Desempenho Acadêmico
● Disciplina e adesão ao planejamento resultam em produção contínua e de
qualidade.
Sustentabilidade no Longo Prazo
● Resistência a distrações garante equilíbrio entre trabalho e descanso,
prevenindo esgotamento.","Rigidez Excessiva
● Forte controle pode levar a postura muito rígida, dificultando adaptação a
mudanças ou pausas espontâneas.
Necessidade de Flexibilidade
● Falta de impulsividade pode reduzir momentos de criatividade e inovação.","Testar Técnicas Exigentes
● Use o autocontrole para experimentar blocos de estudo prolongados ou metas
mais audaciosas, estimulando o crescimento acadêmico.
Incorporar Pausas Planejadas
● Permita-se pausas e descansos espontâneos dentro do cronograma para evitar
rigidez excessiva e manter a motivação.
Avaliação Contínua do Desempenho
● Revise periodicamente o planejamento para ajustar prazos e metas, garantindo
que a disciplina não vire inflexibilidade.","Graduandos com nível baixo da faceta Impulsividade demonstram excelente controle sobre suas rotinas acadêmicas, favorecendo continuidade e qualidade dos projetos. Equilibrar disciplina com flexibilidade estimula criatividade e previne esgotamento, garantindo abordagem sustentável e adaptativa na graduação."
1,Neuroticismo,5,Impulsividade,Médio,"A faceta Impulsividade, em nível médio, caracteriza estudantes que mantêm equilíbrio entre disciplina e flexibilidade. Embora sigam o planejamento acadêmico na maior parte do tempo, podem, eventualmente, ceder a distrações ou mudar o foco para atividades mais prazerosas, principalmente em situações de cansaço, tédio ou pressão.","● Adesão Moderada ao Planejamento:
Geralmente seguem cronogramas, mas, em dias de maior desmotivação,
podem alterar prioridades ou permitir pausas mais longas do que o planejado.
● Flexibilidade no Gerenciamento do Tempo:
São capazes de persistir no estudo, mas, ocasionalmente, deixam-se atrair por
redes sociais, vídeos ou outras formas de entretenimento, especialmente após
tarefas exigentes.
● Equilíbrio entre Autocontrole e Espontaneidade:
Alternam momentos de disciplina com episódios pontuais de impulsividade, o
que pode gerar tanto criatividade quanto adiamento de tarefas.","● Capacidade de Adaptação:
Flexibilidade permite lidar com imprevistos, ajustar o ritmo de estudo e
aproveitar oportunidades de lazer sem comprometer totalmente o desempenho
acadêmico.
● Alívio de Estresse:
Permitir-se pequenas quebras no planejamento pode reduzir tensão e renovar a
motivação, evitando esgotamento.
● Criatividade Ocasional:
Momentos de distração ou mudança de atividade podem favorecer a geração
de ideias e soluções inovadoras para desafios acadêmicos.","● Risco de Acúmulo de Tarefas:
Episódios de impulsividade podem levar ao adiamento pontual de tarefas,
exigindo esforço extra para recuperar o ritmo posteriormente.
● Oscilação na Produtividade:
Alternância entre foco e distração pode comprometer a continuidade e a
qualidade de alguns projetos, principalmente em períodos de alta demanda.
● Dificuldade em Delimitar Pausas:
Sem um controle claro, intervalos planejados podem se estender além do
necessário, dificultando a retomada do trabalho.","● Planeje Pausas Inteligentes:
Inclua intervalos breves e regulares na rotina de estudo, para evitar impulsos de
longas distrações imprevistas.
● Use Técnicas de Compromisso Parcial:
Se sentir vontade de interromper uma tarefa, comprometa-se a avançar por
mais 10 minutos antes de decidir se fará uma pausa.
● Estabeleça Limites para o Lazer:
Defina tempo máximo para uso de redes sociais ou entretenimento entre
tarefas, utilizando cronômetros ou aplicativos de bloqueio quando necessário.
● Monitore os Resultados:
Reflita semanalmente sobre o equilíbrio entre produtividade e pausas, ajustando
o planejamento para evitar que a flexibilidade vire procrastinação.","Graduandos com nível médio da faceta Impulsividade demonstram equilíbrio razoável entre disciplina e abertura a distrações. Essa postura favorece adaptação e bem-estar, desde que seja acompanhada de monitoramento regular e estratégias claras para evitar acúmulo de tarefas. O segredo está em permitir momentos de espontaneidade sem perder o controle das metas e prazos acadêmicos."
2,Extroversão,1,Gregarismo,Alto,"A faceta Gregarismo, em nível alto, diz respeito à tendência de buscar e valorizar o trabalho em grupo, a troca de ideias e o aprendizado colaborativo. Para estudantes de graduação, essa característica envolve participar ativamente de projetos de equipe, grupos de estudo, seminários e discussões em sala ou em laboratórios, contribuindo para a construção coletiva do conhecimento e o fortalecimento de redes de apoio.","Preferência pelo Trabalho em Grupo:
Demonstra maior interesse em participar de projetos, trabalhos práticos ou grupos de
estudo do que trabalhar sozinho(a).
Animação em Ambientes Ativos:
Sente-se mais motivado(a) quando está inserido(a) em um ambiente acadêmico
dinâmico, com debates e discussões constantes.
Valorização da Troca de Ideias:
Gosta de participar de grupos de discussão sobre temas do curso, favorecendo a
aquisição de diferentes pontos de vista.
Aprendizado Colaborativo:
Reconhece que o debate de métodos, teorias e resultados com outras pessoas
potencializa seu aprendizado.","Enriquecimento do Conhecimento:
A interação constante possibilita a troca de referências e ideias, promovendo um
aprendizado mais diversificado e aprofundado.
Fortalecimento de Redes de Apoio:
A participação ativa em grupos facilita a construção de vínculos que podem oferecer
suporte emocional e técnico ao longo da graduação.
Estímulo à Inovação:
O debate coletivo pode gerar insights e soluções criativas para desafios de projetos e
disciplinas.","Interferência no Trabalho Individual:
O excesso de reuniões e interações pode prejudicar o tempo dedicado à leitura,
cálculos, programação ou desenho individual, essenciais para o bom desempenho
acadêmico.
Dispersão e Perda de Foco:
Em ambientes com muitas conversas paralelas, há risco de dispersão,
comprometendo a produtividade e o andamento dos trabalhos.","Delimitar Horários:
Estabeleça períodos específicos para o trabalho individual e para a participação em
grupos, garantindo equilíbrio saudável entre colaboração e concentração.
Definir Pautas Claras:
Se notar dispersão ou conversas paralelas durante as reuniões, proponha pautas e
metas claras para cada encontro, otimizando o tempo de discussão.
Avaliar a Necessidade de Participação:
Em momentos críticos dos projetos (como a redação de relatórios ou fases finais de
modelagem/programação), priorize o trabalho individual e agende encontros coletivos
de forma estratégica.
Utilizar Ferramentas Online:
Considere a participação em fóruns e grupos virtuais que possibilitem a troca de ideias
sem comprometer a produtividade em momentos de maior concentração.","Graduandos com nível alto da faceta Gregarismo demonstram forte potencial para enriquecer seu percurso acadêmico por meio da colaboração e do compartilhamento de ideias. Contudo, é fundamental equilibrar essa disposição para interagir com o tempo necessário para o desenvolvimento individual, maximizando tanto a criatividade quanto a eficiência nas atividades do curso."
2,Extroversão,1,Gregarismo,Baixo,"A faceta Gregarismo, em nível baixo, indica preferência por trabalhar de forma mais independente, com menor ênfase na interação e na troca constante de ideias. Embora essa postura possa favorecer a concentração e a produtividade individual, também pode limitar oportunidades de aprendizado colaborativo e de obtenção de feedbacks variados durante a graduação.","Preferência pelo Trabalho Solitário:
Tem maior facilidade em realizar atividades de estudo, redação de relatórios e análise
de dados sozinho(a), valorizando a autonomia.
Menor Envolvimento em Grupos:
Prefere evitar participação frequente em grupos de estudo ou discussões, optando por
interações pontuais e objetivas.
Concentração Individual:
Sente que o trabalho individual permite melhor gestão do tempo e maior eficiência na
conclusão de tarefas.
Feedback Pontual:
Embora evite debates constantes, reconhece a importância de feedbacks direcionados
em momentos específicos.","Foco e Produtividade:
A independência favorece a concentração, possibilitando o cumprimento de metas e
prazos de forma eficiente.
Autonomia Decisória:
Trabalhar sozinho(a) permite tomada de decisão mais rápida e gestão pessoal do
tempo, ajustando o ritmo às necessidades individuais.
Eficiência nas Tarefas Individuais:
A preferência pelo trabalho solitário pode resultar em avanços consistentes na
elaboração de projetos, relatórios ou códigos.","Limitações na Troca de Ideias:
Menor interação pode restringir o acesso a perspectivas e abordagens diferentes,
essenciais para enriquecer o aprendizado.
Redução do Feedback Rápido:
Falta de participação em grupos pode limitar chances de obter feedbacks que apontem
pontos de melhoria.
Isolamento Acadêmico:
Postura mais reservada pode gerar sentimento de isolamento, dificultando a
construção de redes de apoio e colaboração.","Participação Pontual em Grupos Online:
Participe de fóruns e grupos virtuais para tirar dúvidas específicas e obter feedbacks,
sem comprometer a preferência por trabalhar de forma independente.
Agendamento de Reuniões Estratégicas:
Em períodos cruciais (por exemplo, preparação para avaliações finais ou entrega de
TCC), organize ao menos uma sessão coletiva para debater o trabalho e obter
diferentes pontos de vista.
Integração Seletiva:
Busque interações objetivas que agreguem valor ao seu trabalho, evitando reuniões
prolongadas que possam desviar o foco da produtividade individual.
Solicitação de Feedback Direto:
Mesmo preferindo o trabalho individual, mantenha o hábito de solicitar feedbacks
regulares a professores e colegas, garantindo que seus projetos se beneficiem de
múltiplas perspectivas.","Graduandos com nível baixo da faceta Gregarismo demonstram grande autonomia e foco, o que pode resultar em avanços significativos nas atividades acadêmicas. Contudo, para maximizar o potencial de desenvolvimento, recomenda-se integrar momentos estratégicos de interação colaborativa que possibilitem a troca de ideias e o enriquecimento do trabalho por meio do feedback coletivo."
2,Extroversão,1,Gregarismo,Médio,"A faceta Gregarismo, em nível médio, caracteriza estudantes que equilibram a participação em atividades coletivas com o trabalho individual. Demonstram abertura para o aprendizado colaborativo, mas também valorizam momentos de concentração e autonomia, ajustando sua atuação conforme a necessidade das tarefas ou do contexto acadêmico.","● Flexibilidade entre Grupo e Autonomia:
Sentem-se confortáveis tanto em grupos de estudo, projetos colaborativos e
discussões, quanto em atividades individuais, alternando a forma de trabalho de
acordo com o objetivo do momento.
● Participação Moderada em Debates:
Contribuem ativamente em reuniões e trabalhos em grupo, mas também sabem
se retirar para focar em tarefas que exigem atenção concentrada.
● Busca Equilibrada por Feedback:
Reconhecem o valor de opiniões diversas, buscando feedback em
pontos-chave, sem depender exclusivamente de trocas coletivas.","● Aproveitamento Amplo de Oportunidades:
Flexibilidade para atuar sozinho(a) ou em grupo amplia repertório de
experiências e estratégias para resolver problemas acadêmicos.
● Autonomia com Rede de Apoio:
A combinação de autonomia com participação ativa em grupos favorece tanto a
independência quanto a construção de vínculos e suporte acadêmico.
● Ajuste ao Contexto:
Capacidade de decidir quando é mais produtivo interagir ou concentrar-se
individualmente, otimizando o desempenho conforme a demanda.","● Oscilação de Engajamento:
Pode haver alternância entre períodos de maior envolvimento em grupo e fases
de isolamento, dificultando o estabelecimento de rotina consistente.
● Dilemas na Prioridade:
Em situações de conflito entre demanda coletiva e necessidade individual, pode
haver indecisão sobre onde investir mais tempo e energia.
● Risco de Superficialidade nas Relações:
Participação moderada pode limitar o aprofundamento dos vínculos, dificultando
o acesso a redes de apoio mais sólidas.","● Planeje Momentos de Interação e Autonomia:
Inclua na agenda períodos específicos para reuniões, discussões e
colaboração, alternados com blocos de trabalho individual.
● Avalie a Necessidade de Grupo:
Ao iniciar um projeto, reflita sobre quais etapas exigem mais troca de ideias e
quais podem ser conduzidas de forma independente.
● Mantenha Feedback Regular:
Solicite feedback em momentos estratégicos, sem depender exclusivamente da
opinião de grupos ou atuar de maneira isolada por longos períodos.
● Cultive Relações Significativas:
Aproveite as oportunidades de interação para fortalecer laços de confiança e
cooperação, mesmo que sua participação em grupos seja moderada.","Graduandos com nível médio da faceta Gregarismo demonstram versatilidade ao conciliar o aprendizado coletivo com o desenvolvimento autônomo. Ao ajustar a participação de acordo com as demandas acadêmicas, favorecem desempenho consistente e ampliam sua rede de experiências. Manter o equilíbrio entre colaboração e autonomia é fundamental para garantir crescimento acadêmico sustentável e engajamento produtivo ao longo do curso.  "
2,Extroversão,2,Assertividade,Alto,"A faceta Assertividade, em nível alto, refere-se à capacidade de expressar opiniões, dificuldades e necessidades de forma direta. Para graduandos esse traço é crucial para liderar projetos de equipe, dialogar claramente com professores e colegas e conduzir apresentações em disciplinas, estágios ou competições acadêmicas.","Expressão de Opiniões:
Não sente receio em expor suas ideias e pontos de vista em sala, laboratórios ou
reuniões de projeto.
Liderança Natural:
Assume a liderança em trabalhos coletivos, sobretudo quando há falta de iniciativa
entre os membros.
Defesa do Ponto de Vista:
Faz questão de sustentar seu posicionamento mesmo quando diverge da opinião
majoritária.
Facilidade em Apresentações:
Tem ou desenvolveu facilidade para expor ideias em seminários, congressos
estudantis ou bancas de TCC, demonstrando segurança na comunicação.","Iniciativa e Proatividade:
A assertividade permite que o graduando lidere projetos, coordene tarefas e peça
ajuda quando necessário, impulsionando o andamento das atividades acadêmicas.
Clareza na Comunicação:
A expressão direta contribui para resolver dúvidas e conflitos, aumentando a eficácia
das discussões técnicas.
Estabelecimento de Limites:
Ao comunicar suas necessidades, consegue definir limites claros, evitando
sobrecargas e mal-entendidos em equipes.","Risco de Imposição:
Assertividade elevada pode ser percebida como postura impositiva se não houver
empatia, gerando atritos em contextos colaborativos.
Monopolização de Espaço:
A tendência a liderar sem revezar pode limitar a participação e o desenvolvimento de
outros membros do grupo.","Revezamento de Liderança:
Convide colegas a tomar decisões e conduzir partes das discussões, promovendo
participação mútua e evitando centralização.
Empatia na Comunicação:
Ao fornecer feedback ou defender opiniões, pratique empatia, suavizando críticas para
manter o clima construtivo.
Autoavaliação Contínua:
Monitore como suas mensagens são recebidas e esteja aberto(a) a ajustes, garantindo
que assertividade não se transforme em imposição.","Graduandos com nível alto da faceta Assertividade mostram grande potencial para liderar e dinamizar projetos, expressando ideias com clareza e segurança. Para maximizar esse potencial, é essencial equilibrar a postura assertiva com empatia e revezamento de liderança, criando um ambiente colaborativo que valorize tanto a iniciativa individual quanto a participação coletiva. "
2,Extroversão,2,Assertividade,Baixo,"A faceta Assertividade, em nível baixo, indica hesitação em expressar opiniões, dificuldades e necessidades de forma direta em ambientes acadêmicos. Para estudantes de graduação, essa postura pode levar à perda de oportunidades de aprendizado, à dificuldade em assumir liderança em projetos de curso e à limitação na busca por apoio durante discussões com professores ou colegas.","Dificuldade em Se Posicionar:
Sente insegurança ao expor opiniões ou dificuldades, mesmo quando possui
argumentos sólidos.
Reticência em Assumir a Liderança:
Evita tomar a iniciativa em trabalhos coletivos, preferindo manter uma postura mais
reservada.
Hesitação em Defender Posições:
Tem dificuldade em sustentar seu ponto de vista em discussões, podendo concordar
com a maioria mesmo quando discorda.
Timidez em Apresentações:
Apresenta desafios para expor ideias em contextos formais (seminários, bancas de
projetos, congressos estudantis), devido à insegurança na comunicação.","Cautela na Comunicação:
A postura menos assertiva pode evitar conflitos desnecessários, mantendo ambiente
de respeito e diplomacia.
Espaço para Reflexão:
A hesitação em se posicionar permite análise mais cuidadosa antes de emitir opiniões,
contribuindo para decisões ponderadas.","Perda de Oportunidades:
A falta de assertividade pode fazer o graduando deixar de liderar projetos ou solicitar
ajuda, prejudicando o desenvolvimento acadêmico.
Dificuldade na Comunicação de Necessidades:
A relutância em expressar dificuldades limita a obtenção de feedbacks importantes
para aprimorar o trabalho.","Preparação Prévia:
Anote previamente perguntas ou dúvidas para ganhar segurança ao abordá-las em
reuniões, aulas ou com o(a) professor(a).
Prática em Ambientes Menores:
Exercite a assertividade em espaços menos formais — fóruns virtuais, grupos de
estudo, conversas informais — para construir confiança antes de se expor em turmas
maiores ou em bancas.
Feedback Construtivo:
Busque ambientes onde possa receber feedback de maneira segura e construtiva,
fortalecendo autoconfiança e desenvolvendo postura mais proativa.","Graduandos com nível baixo da faceta Assertividade enfrentam desafios na expressão de opiniões e necessidades, o que pode limitar liderança e resolução de problemas acadêmicos. Desenvolver estratégias como preparação prévia e prática em contextos menores facilita a transição para uma postura mais assertiva, promovendo crescimento pessoal e sucesso. "
2,Extroversão,2,Assertividade,Médio,"A faceta Assertividade, em nível médio, caracteriza graduandos que conseguem expressar opiniões, necessidades e dúvidas de forma razoavelmente clara, mas sem buscar protagonismo constante nem adotar postura excessivamente reservada. O estudante participa ativamente das discussões quando sente segurança e reconhece a necessidade de se posicionar, porém pode alternar momentos de maior envolvimento com períodos de postura mais observadora.","● Expressão Moderada de Opiniões:
Expõe ideias e dúvidas em sala, reuniões de projeto ou grupos de estudo,
especialmente quando se sente confortável com o tema ou o ambiente.
● Liderança Pontual:
Pode assumir liderança em projetos coletivos ou trabalhos em grupo, sobretudo
quando necessário, mas também permite que outros conduzam as atividades.
● Equilíbrio na Defesa de Posições:
Defende seu ponto de vista quando acredita ser relevante, mas está disposto(a)
a ouvir argumentos contrários e, se necessário, ceder para o bem do grupo.
● Participação em Apresentações:
Participa de apresentações, seminários ou bancas, alternando entre momentos
de maior segurança e episódios de hesitação, principalmente em contextos mais
exigentes.","● Flexibilidade na Comunicação:
Capacidade de adaptar o grau de exposição conforme o contexto, preservando
tanto o respeito quanto a clareza nas interações.
● Abertura para Liderança Compartilhada:
Colabora para um ambiente onde todos possam se posicionar e liderar em
diferentes etapas do projeto, promovendo o desenvolvimento coletivo.
● Busca de Consenso:
Tendência a mediar opiniões e buscar soluções que conciliem interesses
diversos, favorecendo harmonia no grupo.","● Oscilação de Protagonismo:
Em situações novas ou muito desafiadoras, pode hesitar em assumir liderança
ou expor opiniões, limitando o protagonismo acadêmico.
● Risco de Ambiguidade:
Pode, em alguns momentos, deixar de comunicar necessidades de forma clara,
resultando em mal-entendidos ou sobrecarga desnecessária.
● Dependência do Ambiente:
Nível de assertividade pode depender do clima do grupo ou do grau de abertura
percebido, levando a variações na atuação.","● Preparação Específica para Exposição:
Revise tópicos e organize pontos-chave antes de reuniões e apresentações,
aumentando a confiança para expressar opiniões.
● Prática de Feedback Assertivo:
Exercite dar e receber feedback de modo construtivo, usando linguagem clara,
mas respeitosa, para contribuir com o grupo.
● Autoavaliação Regular:
Após momentos de interação, reflita sobre sua participação, identificando
oportunidades para aumentar a clareza e a segurança ao comunicar suas ideias.
● Revezamento de Liderança:
Aproveite oportunidades para conduzir etapas dos projetos e incentive colegas
a fazer o mesmo, criando ambiente colaborativo e participativo.","Graduandos com nível médio da faceta Assertividade conseguem equilibrar exposição e escuta, alternando entre protagonismo e postura mais observadora conforme a situação. O desenvolvimento da assertividade contínua, aliado à empatia e ao preparo prévio, pode fortalecer a participação acadêmica, promover decisões mais equilibradas e aprimorar o desempenho em projetos coletivos. "
3,Abertura À Experiência,1,Fantasia,Alto,"A faceta Fantasia, em nível alto, envolve a tendência de criar cenários mentais vívidos, ultrapassando o presente e explorando possibilidades hipotéticas. Para estudantes, esse traço permite visualizar o impacto futuro dos projetos e imaginar aplicações práticas dos resultados, estimulando motivação e criatividade — mas exigindo equilíbrio para não prejudicar a ação prática.","Visualização de Cenários Futuros:
Costuma imaginar cenários de sucesso, como a apresentação final de um protótipo ou
a defesa do TCC.
Criação de Histórias e Analogias:
Cria exemplos mentais para tornar conteúdos teóricos mais interessantes e fáceis de
compreender.
Imaginação Aplicada:
Gosta de se imaginar vivenciando situações reais relacionadas ao tema e de visualizar
possíveis aplicações práticas dos resultados.","Motivação e Inspiração:
Imaginar o sucesso e os impactos futuros aumenta entusiasmo e comprometimento
com projetos e disciplinas.
Estímulo à Criatividade:
Favorece a geração de ideias inovadoras e a conexão entre teoria e prática (por
exemplo, novas funcionalidades, design mais eficiente, algoritmos alternativos).
Planejamento Visionário:
Permite criar plano de ação mais motivador, com metas visualizadas de forma
concreta.","Risco de Dispersão:
Passar muito tempo idealizando pode desviar o foco de ações práticas,
comprometendo a produtividade.
Desconexão com a Realidade:
Excesso de fantasia pode dificultar a consolidação de métodos eficazes e a execução
de planos concretos.","Planejar “Momentos de Sonhar Acordado”:
Dedique intervalos curtos (por exemplo, 5 min antes de iniciar o trabalho) para
visualizar metas e, em seguida, retome o foco nas tarefas técnicas.
Técnicas de Visualização Dirigida:
Transforme a imaginação em motivação prática, imaginando-se apresentando o
projeto com êxito ou vendo seu protótipo em uso real.
Estabelecimento de Metas e Checklists:
Use metas e listas de tarefas para retornar ao plano de ação sempre que perceber que
está se distraindo com idealizações.","Graduandos com nível alto da faceta Fantasia possuem notável capacidade de se inspirar por meio da imaginação, o que impulsiona motivação e inovação. Entretanto, equilibrar criatividade com disciplina e execução prática garante que idealizações se transformem em ações concretas que avancem projetos e estudos."
3,Abertura À Experiência,1,Fantasia,Baixo,"A faceta Fantasia, em nível baixo, indica menor tendência a usar a imaginação para criar cenários futuros ou analogias, resultando em abordagem mais objetiva e prática. Embora isso favorece foco e execução, pode limitar motivação intrínseca e inovação — importantes para o desenvolvimento de projetos e trabalhos na graduação.","Pouca Utilização da Imaginação:
Raramente cria histórias ou exemplos mentais para enriquecer conteúdos teóricos ou
projetar soluções.
Abordagem Pragmática:
Foca na execução objetiva dos métodos, sem se engajar em idealizações ou
visualizações de cenários futuros.
Dificuldade em Visualizar Aplicações Práticas:
Tem menor tendência a imaginar como resultados de experimentos ou projetos serão
aplicados ou impactarão o futuro profissional.","Foco na Execução:
Abordagem objetiva e prática pode resultar em maior disciplina e consistência na
realização das tarefas.
Estabilidade Metodológica:
Menor variabilidade de métodos facilita consolidação de processos eficazes e
comparação de resultados.
Redução do Risco de Dispersão:
Com menos idealizações, há maior probabilidade de manter foco nas ações
planejadas.","Falta de Motivação Intrínseca:
A ausência de cenários visionários pode reduzir inspiração e entusiasmo, essenciais
para superar desafios em disciplinas exigentes.
Limitação na Inovação:
Pode dificultar a geração de ideias criativas e conexão entre teoria e prática,
prejudicando originalidade de projetos.","Sistema de Metas Passo a Passo:
Adote método que ofereça clareza objetiva sobre progresso (checklists semanais,
marcos mensais), compensando a falta de motivação gerada pela imaginação.
Utilização de Recursos Visuais Prontos:
Recorra a infográficos, tutoriais e vídeos para tornar o conteúdo mais atraente sem
exigir grande esforço imaginativo.
Prática de “Sprints” de Estudo/Projeto:
Realize intervalos curtos e intensos com recompensas claras para estimular o foco e
incentivar pequenos avanços.","Graduandos com nível baixo da faceta Fantasia adotam abordagem objetiva e focada, favorecendo a execução consistente das tarefas. Contudo, incorporar gradualmente elementos que estimulem criatividade e motivação intrínseca pode enriquecer projetos e estudos, promovendo integração saudável entre objetividade e inovação."
3,Abertura À Experiência,1,Fantasia,Médio,"A faceta Fantasia, em nível médio, caracteriza-se pelo uso ocasional e equilibrado da imaginação para visualizar cenários futuros e conectar teoria e prática. O estudante apresenta criatividade moderada: utiliza recursos imaginativos para enriquecer o aprendizado, mas geralmente alterna momentos de idealização com uma abordagem objetiva e prática. Isso permite usufruir dos benefícios da fantasia sem perder o foco nas ações concretas.","● Imaginação Moderada:
Costuma, em situações específicas, imaginar cenários de sucesso ou criar
exemplos mentais, mas retorna rapidamente à execução prática das tarefas.
● Equilíbrio entre Visualização e Prática:
Utiliza analogias e visualizações para facilitar o entendimento de conceitos,
especialmente em fases de planejamento ou quando encontra dificuldades.
● Conexão com a Realidade:
Consegue transformar ideias abstratas em metas tangíveis, mas evita se perder
em idealizações prolongadas.
● Estímulo Criativo Pontual:
Recurre à imaginação quando precisa de motivação extra ou para resolver
problemas complexos, alternando com foco pragmático nas etapas seguintes.","● Motivação e Praticidade:
A imaginação pontual estimula entusiasmo, sem comprometer a regularidade do
trabalho. O estudante se mantém motivado ao visualizar objetivos, mas sabe
retornar ao plano de ação.
● Criatividade Aplicada:
Consegue inovar ao propor melhorias e soluções alternativas, tornando projetos
mais interessantes e eficazes.
● Capacidade de Planejamento Realista:
Utiliza a fantasia para definir metas ambiciosas, mas planeja os passos
concretos necessários para atingi-las.","● Oscilação entre Idealização e Execução:
Pode, por vezes, alternar entre fases mais criativas e momentos de dispersão,
exigindo organização para não perder prazos.
● Risco de Subestimar Detalhes:
Ao equilibrar imaginação e prática, pode deixar de aprofundar aspectos
inovadores por excesso de realismo, ou vice-versa.","● Intervalos Programados para Imaginação:
Inclua no cronograma períodos curtos para “sonhar acordado”, principalmente
antes do início dos trabalhos ou ao planejar novos projetos.
● Checklist de Transformação de Ideias:
Após cada sessão criativa, registre as ideias principais e converta-as em ações
ou metas específicas, mantendo o foco no resultado prático.
● Alternância Consciente:
Perceba quando a criatividade começa a prejudicar a execução; retome as
tarefas práticas e retorne à fantasia apenas quando necessário para manter a
motivação.
● Utilização de Ferramentas Visuais:
Apoie-se em mapas mentais, esquemas e quadros de planejamento para
organizar tanto as ideias criativas quanto o progresso objetivo dos projetos.","Graduandos com nível médio da faceta Fantasia apresentam equilíbrio saudável entre imaginação e execução. Ao utilizar a criatividade de forma estratégica, conseguem motivar-se, inovar e transformar idealizações em ações concretas, sem perder o foco nos resultados acadêmicos. Para maximizar esse potencial, recomenda-se alternar intencionalmente entre momentos criativos e execução disciplinada, garantindo avanço contínuo e inovador nos estudos e projetos. "
3,Abertura À Experiência,2,Estética,Alto,"A faceta Estética, em nível alto, refere-se à valorização da beleza e da qualidade visual dos materiais, ambientes e recursos utilizados no trabalho acadêmico. Esse traço influencia a motivação e o bem-estar, contribuindo para que o estudo, a escrita e as apresentações sejam realizados em espaços agradáveis e organizados.","Apreciação Visual:
Valoriza materiais de pesquisa, slides, resumos e anotações que sejam visualmente
bem organizados e atraentes.
Integração com Expressões Artísticas:
Gosta de relacionar conteúdos a elementos artísticos ou culturais para facilitar a
memorização e o entendimento.
Organização do Espaço de Trabalho:
Sente prazer em organizar o ambiente de estudo de forma esteticamente agradável, o
que pode melhorar a disposição para trabalhar.","Motivação e Bem-Estar:
Um ambiente visualmente organizado pode aumentar a motivação e tornar o processo
de estudo e escrita mais prazeroso.
Facilitação do Aprendizado:
A utilização de cores, formatações e elementos visuais ajuda a destacar pontos
importantes do conteúdo e a facilitar a memorização.
Ambiente Inspirador:
Um espaço de trabalho bem decorado e organizado pode estimular a criatividade e a
produtividade.","Excesso de Foco na Aparência:
A preocupação excessiva com a estética pode levar a gastar tempo demais otimizando
a aparência dos materiais, em detrimento do conteúdo.
Distração:
O esforço contínuo para manter um ambiente perfeito pode tirar o foco das tarefas
principais, prejudicando a eficiência.","Crie um “Cantinho de Trabalho” Funcional:
Organize um espaço de estudo que seja agradável e inspirador, mas evite exageros na
decoração que possam desviar sua atenção.
Defina Limites de Tempo para a Organização Visual:
Estabeleça um período curto para “embelezar” slides, resumos ou anotações e, em
seguida, concentre-se no desenvolvimento do conteúdo.
Utilize Elementos Visuais com Propósito:
Use cores, formatação e outros recursos visuais para destacar partes importantes do
trabalho, mantendo o foco na clareza e na eficácia da mensagem.","Graduandos com nível alto da faceta Estética beneficiam-se de ambientes e materiais visualmente organizados, o que eleva a motivação e o bem-estar durante o percurso acadêmico. Ao equilibrar o cuidado com a aparência com a produtividade, é possível transformar essa sensibilidade estética em vantagem, sem deixar que a busca pela perfeição visual interfira na qualidade do conteúdo.  "
3,Abertura À Experiência,2,Estética,Baixo,"A faceta Estética, em nível baixo, indica menor preocupação com a aparência visual dos materiais e do ambiente de trabalho. O foco tende a ser direcionado quase que exclusivamente para o conteúdo, o que pode favorecer a produtividade, mas também resultar em experiência de estudo menos estimulante.","Foco no Conteúdo:
Dá prioridade ao desenvolvimento e à qualidade do conteúdo, com pouca ênfase na
organização visual ou estética dos materiais.
Abordagem Pragmática:
Prefere manter uma rotina funcional e prática, sem investir muito tempo em detalhes
visuais.
Espaço de Trabalho Simples:
Organiza o ambiente de estudo de forma básica, sem grandes apelos estéticos.","Maior Concentração:
A redução da preocupação com a estética pode favorecer foco maior no conteúdo e na
execução das tarefas.
Produtividade Consistente:
A abordagem prática pode resultar em um ritmo de trabalho linear e eficiente, sem
distrações relacionadas à organização visual.
Simplicidade nos Processos:
Manutenção de ambiente funcional sem grandes alterações facilita padronização dos
métodos de trabalho.","Motivação Reduzida:
A falta de estímulos visuais pode tornar o ambiente de trabalho monótono, reduzindo a
motivação e entusiasmo.
Experiência de Estudo Monótona:
A ausência de elementos visuais atrativos pode afetar memorização e engajamento,
principalmente em tarefas que demandam criatividade.","Insira Estímulos Visuais Mínimos:
Utilize elementos simples, como marcadores de texto coloridos ou gráficos básicos,
para evitar monotonia sem desviar o foco do conteúdo.
Mantenha uma Organização Básica:
Organize o espaço de estudo de forma funcional, garantindo clareza e ordem, mesmo
sem apelo estético elevado.
Varie o Ambiente de Estudo:
Mude ocasionalmente o local de estudo ou escrita (por exemplo, ir à biblioteca do CT
ou a um café tranquilo) para “quebrar” a rotina visual e renovar a motivação.","Graduandos com nível baixo da faceta Estética tendem a focar mais no conteúdo e na execução prática do trabalho acadêmico. Embora essa abordagem favorece a produtividade, introduzir gradualmente estímulos visuais pode aumentar a motivação e tornar a experiência de estudo mais dinâmica e agradável, equilibrando forma e conteúdo. "
3,Abertura À Experiência,2,Estética,Médio,"A faceta Estética, em nível médio, caracteriza-se por um equilíbrio entre o apreço pela organização visual dos materiais e o foco no conteúdo acadêmico. O estudante valoriza ambientes agradáveis e recursos visuais atrativos, mas sem priorizar excessivamente a aparência em detrimento da eficácia e do tempo disponível para as tarefas. Essa postura permite usufruir dos benefícios de um espaço bem organizado, mantendo a produtividade e a simplicidade quando necessário.","● Organização Visual Moderada:
Gosta de materiais e ambientes visualmente agradáveis, mas investe apenas o
tempo necessário para tornar anotações, slides e resumos claros e
minimamente organizados.
● Valorização Equilibrada de Recursos Visuais:
Utiliza elementos como cores, esquemas ou pequenos gráficos para realçar
pontos-chave, especialmente em revisões ou apresentações, sem buscar
perfeccionismo.
● Integração Parcial com Expressões Artísticas:
Por vezes relaciona conteúdos a elementos artísticos para facilitar o
aprendizado, mas mantém abordagem prática e objetiva na maior parte do
tempo.
● Ambiente de Trabalho Agradável:
Prefere estudar em locais organizados e limpos, mas não se sente
desconfortável caso o ambiente não esteja visualmente impecável.","● Motivação e Praticidade:
Ambiente minimamente organizado contribui para o bem-estar e facilita a
concentração, sem gerar preocupações desnecessárias com detalhes estéticos.
● Eficiência Visual:
A utilização pontual de recursos visuais favorece a memorização e a
comunicação de ideias, sem perda significativa de tempo produtivo.
● Flexibilidade no Processo de Estudo:
Sabe adaptar-se a diferentes contextos, valorizando a estética quando possível,
mas priorizando o conteúdo em situações de prazo curto ou alta demanda.","● Oscilação entre Forma e Conteúdo:
Pode, eventualmente, sentir dúvida sobre quanto tempo dedicar à aparência
dos materiais, alternando fases de maior ou menor capricho visual.
● Risco de Desorganização Ocasional:
Se não houver um padrão mínimo de organização, pode acabar deixando de
lado recursos visuais importantes ou relaxando excessivamente com o tempo.","● Defina Padrões Simples de Organização:
Estabeleça um modelo básico para anotações e slides (ex.: títulos em destaque,
uso de duas ou três cores, espaçamento uniforme), facilitando a manutenção da
clareza e atratividade.
● Limite o Tempo de “Embelezamento”:
Reserve alguns minutos ao final do estudo para revisar a organização visual,
evitando excessos que comprometam o avanço do conteúdo.
● Utilize Recursos Visuais para Revisão:
Aproveite o uso de esquemas, mapas mentais e infográficos especialmente em
momentos de revisão, para reforçar pontos críticos sem sobrecarregar o
material.
● Alterne entre Ambientes:
Se possível, varie o local de estudo ocasionalmente, buscando ambientes que
estimulem a criatividade, mas sem depender deles para manter a produtividade.","Graduandos com nível médio da faceta Estética conseguem equilibrar a valorização do aspecto visual com a necessidade de eficiência acadêmica. Esse perfil tira proveito dos benefícios de um ambiente agradável e materiais organizados, sem transformar a busca pela estética em um obstáculo à execução das tarefas. Com padrões simples de organização e atenção pontual à apresentação visual, é possível garantir motivação e clareza ao longo do percurso acadêmico, preservando tempo e energia para o conteúdo essencial."
4,Amabilidade,1,Franqueza,Alto,"A faceta Franqueza, em nível alto, refere-se à inclinação para ser direto(a) e sincero(a) ao comunicar sentimentos, opiniões e percepções, tanto em trabalhos de equipe quanto em discussões com professores. Essa característica estimula o aprimoramento contínuo por meio de feedbacks honestos e transparentes, contribuindo para o desenvolvimento coletivo.","Transparência sobre Limitações:
Prefere ser honesto(a) com docentes e colegas acerca das suas dificuldades e
desafios.
Autenticidade na Comunicação:
Não tenta transmitir imagem falsa sobre o progresso do projeto ou estudo.
Admissão de Dúvidas:
Gosta de admitir quando não entende um conceito ou metodologia.
Valorização da Sinceridade:
Acredita que a sinceridade nas discussões acadêmicas é fundamental para a evolução
de todos.","Melhoria Coletiva:
A honestidade ao dar feedback enriquece as discussões e contribui para a melhoria
contínua do trabalho em grupo.
Ambiente de Confiança:
A franqueza fortalece a confiança entre os membros da equipe, facilitando cooperação
e suporte mútuo.
Desenvolvimento Pessoal:
Admitir limitações ajuda a identificar pontos de melhoria e buscar soluções para
aprimorar o desempenho acadêmico.","Risco de Conflitos:
Abordagem demasiado direta pode gerar atritos ou ser interpretada como brusca.
Equilíbrio Delicado:
Necessidade de ser sincero deve ser equilibrada com sensibilidade para não
desmotivar ou ofender interlocutores.","Uso de Tom Construtivo:
Ao oferecer críticas, comece elogiando pontos positivos e, em seguida, sugira
melhorias de forma construtiva.
Escuta Ativa:
Em caso de divergências, ouça atentamente as opiniões dos demais antes de
expressar as suas, evitando confrontos desnecessários.
Feedback Equilibrado:
Mantenha equilíbrio entre sinceridade e respeito, garantindo comunicação clara sem
ser ofensiva.
Prática de Autoavaliação:
Reflita sobre como suas críticas são recebidas e ajuste sua abordagem, buscando
sempre aprimorar a forma de se expressar.","Graduandos com nível alto da faceta Franqueza favorecem transparência e aprimoramento coletivo. Ao combinar honestidade com comunicação empática e construtiva, é possível transformar essa característica em ferramenta poderosa para o desenvolvimento pessoal e para a evolução do ambiente acadêmico."
4,Amabilidade,1,Franqueza,Baixo,"A faceta Franqueza, em nível baixo, indica tendência a omitir informações ou evitar sinceridade em situações que exigem comunicação aberta de dúvidas e dificuldades. Essa postura pode dificultar o aprimoramento individual e o fortalecimento das relações colaborativas no ambiente acadêmico.","Reticência na Comunicação:
Tende a não ser completamente honesto(a) sobre limitações e desafios com
professores e colegas.
Imagem Idealizada:
Evita revelar dificuldades, preferindo manter a aparência de progresso constante.
Dificuldade em Admitir Falhas:
Hesita em admitir quando não entende um conceito ou metodologia, impedindo a
obtenção de apoio necessário.
Resistência à Transparência:
Falta de franqueza limita desenvolvimento de feedbacks construtivos e evolução
coletiva.","Estabilidade nas Relações:
Postura menos direta pode, em alguns casos, evitar conflitos imediatos e manter
relações superficiais harmoniosas.
Foco na Imagem Profissional:
Contribui para manutenção de imagem de competência e segurança, mesmo
ocultando dificuldades.","Prejuízo no Aprimoramento:
Omissão de dúvidas e limitações impede recebimento de feedbacks importantes,
comprometendo desenvolvimento e qualidade dos projetos.
Isolamento Acadêmico:
Falta de transparência dificulta formação de redes de apoio e colaboração efetiva entre
colegas e docentes.
Risco de Erros Persistentes:
Não admitir dificuldades pode levar à repetição de erros e manutenção de práticas que
prejudicam o desempenho acadêmico.","Prática de Transparência em Situações Simples:
Comece admitindo dúvidas em situações cotidianas — por exemplo, esclarecer um
conceito em sala ou em conversas informais — para fortalecer a confiança mútua.
Objetividade ao Pedir Ajuda:
Quando precisar de apoio, seja claro(a) e direto(a) sobre dificuldades, evitando
estratégias que comprometam a comunicação.
Construção Gradual de Confiança:
Crie ambiente de confiança com colegas e professores, tornando a franqueza prática
natural e benéfica.
Feedback Externo:
Solicite a pessoas próximas ou mentores feedback sobre sua comunicação,
identificando áreas em que a sinceridade pode ser aprimorada sem comprometer
relações.","Graduandos com nível baixo da faceta Franqueza podem enfrentar desafios significativos no desenvolvimento pessoal e na colaboração acadêmica. Ao adotar estratégias para aumentar transparência e comunicação honesta, é possível superar essas barreiras, promovendo ambiente de trabalho mais aberto e colaborativo que favoreça crescimento e evolução."
4,Amabilidade,1,Franqueza,Médio,"A faceta Franqueza, em nível médio, representa um equilíbrio entre sinceridade e cautela na comunicação. O estudante tende a ser honesto em relação às suas dúvidas e limitações quando necessário, mas pode selecionar situações e interlocutores para compartilhar dificuldades. Essa postura favorece relações respeitosas e um ambiente acadêmico cooperativo, ao mesmo tempo que preserva a imagem profissional e evita conflitos desnecessários.","● Sinceridade Moderada:
Geralmente é honesto(a) sobre limitações e desafios, mas pode optar por omitir
dificuldades em situações em que perceba risco de julgamento ou
desvalorização.
● Comunicação Selecionada:
Prefere ser transparente em contextos seguros, como grupos de estudo
confiáveis ou com professores receptivos, mas pode adotar postura mais
reservada em ambientes competitivos ou pouco acolhedores.
● Autenticidade com Prudência:
Admite dúvidas ou erros principalmente quando acredita que isso contribuirá
para o aprendizado coletivo, dosando a exposição de fragilidades.
● Busca de Feedback Equilibrada:
Solicita feedbacks e críticas construtivas, mas pode filtrar as informações
compartilhadas para evitar exposição excessiva.","● Relações Harmoniosas:
A postura equilibrada entre sinceridade e cautela contribui para a manutenção
de relações colaborativas, sem gerar atritos desnecessários.
● Aprendizado Direcionado:
A honestidade dosada permite buscar apoio e esclarecimentos nos momentos
mais relevantes, favorecendo o desenvolvimento acadêmico.
● Preservação da Imagem Profissional:
O estudante consegue preservar a própria imagem diante de colegas e
professores, demonstrando maturidade na comunicação.","● Omissão Parcial de Dificuldades:
Em algumas situações, pode evitar revelar dúvidas ou erros por receio de
julgamento, o que pode atrasar a resolução de problemas ou o acesso a apoio.
● Oscilação na Busca por Ajuda:
Pode hesitar em pedir auxílio quando se sente inseguro quanto ao ambiente, o
que limita oportunidades de aprimoramento contínuo.","● Avaliação de Contextos:
Identifique ambientes e interlocutores em que a sinceridade é bem recebida e
busque ser mais aberto nesses espaços, fortalecendo redes de apoio e
aprendizado.
● Prática de Autoavaliação:
Reflita sobre situações em que omitiu dificuldades: pergunte-se se a
transparência poderia ter trazido benefícios acadêmicos ou emocionais.
● Feedback Gradual:
Experimente compartilhar pequenas dúvidas ou limitações, observando as
reações e ajustando o grau de franqueza conforme a receptividade.
● Cultivo da Confiança:
Invista em construir relações de confiança, para ampliar os contextos em que se
sente confortável sendo honesto(a).","Graduandos com nível médio da faceta Franqueza mantêm postura madura e ponderada, alternando entre sinceridade e cautela segundo o contexto. Essa abordagem favorece o desenvolvimento acadêmico e pessoal, equilibrando a transparência com a preservação de relações e da própria imagem. Fortalecer gradualmente a confiança em ambientes colaborativos pode ampliar as oportunidades de aprendizado, sem comprometer o respeito e o bem-estar coletivo."
4,Amabilidade,2,Complacência,Alto,"A faceta Complacência, em nível alto, refere-se à inclinação para evitar conflitos e buscar relações harmoniosas, procurando sempre o entendimento mútuo em situações de divergência. Nos cursos do Centro de Tecnologia da UFSM, essa postura facilita o convívio e o trabalho em grupo, promovendo ambiente colaborativo e de suporte, mesmo que, em alguns momentos, signifique ceder em questões importantes.","Evasão de Conflitos:
Procura evitar conflitos desnecessários com colegas e professores, muitas vezes
abrindo mão de preferências pessoais para manter a harmonia.
Conformidade com a Maioria:
Prefere concordar com a maioria para preservar o clima amistoso em projetos
coletivos.
Aceitação das Decisões do Grupo:
Tende a aceitar decisões coletivas, mesmo que não sejam as mais ideais para seus
próprios interesses.
Busca de Soluções Pacíficas:
Mantém calma e busca resolver divergências de forma pacífica, priorizando
entendimento mútuo.","Ambiente Colaborativo:
A atitude de evitar conflitos gera clima de trabalho agradável, facilitando cooperação e
integração entre membros da equipe.
Redução do Estresse Interpessoal:
Harmonia minimiza atritos e mantém relações interpessoais em níveis positivos.
Facilidade na Troca de Informações:
Postura conciliadora favorece abertura para troca de conhecimentos e colaboração
contínua.","Risco de Concessões Excessivas:
Evitar conflitos pode levar a ceder em situações que comprometam prazos ou
qualidade do próprio projeto.
Perda de Autonomia:
Ceder demais para manter harmonia pode resultar em negligência das próprias
necessidades e metas acadêmicas.
Dificuldade em Expressar Divergências:
Postura demasiadamente complacente pode dificultar manifestação de opiniões
contrárias quando necessárias ao aprimoramento do trabalho.","Reflexão Antes de Ceder:
Antes de concordar com pedidos ou sugestões que impactem seu cronograma,
pergunte: “Isso atrasará meus prazos ou prejudicará minha saúde mental?”
Prática de Assertividade Construtiva:
Exponha opiniões de forma respeitosa, destacando pontos positivos e sugerindo
melhorias quando algo for inviável.
Equilíbrio entre Harmonia e Autonomia:
Busque meio-termo em que a cooperação seja mantida sem comprometer objetivos
pessoais, garantindo benefício mútuo.
Estabelecimento de Limites:
Defina claramente seus limites para que, mesmo em ambiente harmonioso, metas
pessoais e prazos não sejam comprometidos.","Graduandos com nível alto da faceta Complacência desfrutam de ambiente de trabalho amigável e cooperativo, benéfico para integração e troca de conhecimentos. Entretanto, é fundamental que essa postura venha acompanhada de assertividade, evitando concessões que prejudiquem o andamento dos projetos e bem-estar pessoal. Equilibrar busca pela harmonia com preservação dos próprios objetivos é essencial para um desempenho acadêmico sustentável."
4,Amabilidade,2,Complacência,Baixo,"A faceta Complacência, em nível baixo, caracteriza-se por uma postura menos voltada a evitar conflitos, evidenciando tendência a ser mais competitivo(a) e firme nas interações. Esse comportamento leva a postura crítica e assertiva, com foco em defender interesses pessoais, mesmo que isso gere atritos em contextos colaborativos.","Postura Competitiva:
Defende opiniões com firmeza, mesmo que surjam divergências no grupo.
Menor Propensão à Concessão:
Não cede facilmente, o que pode resultar em confrontos em situações de divergência.
Foco na Autonomia:
Valoriza independência e manutenção dos próprios objetivos, mesmo questionando
decisões coletivas.
Resolução Direta de Conflitos:
Prefere enfrentar conflitos de maneira direta, o que pode gerar atritos, mas também
define limites e expectativas com clareza.","Defesa dos Próprios Interesses:
Postura menos complacente ajuda a manter foco em metas pessoais e garantir que
necessidades sejam atendidas.
Estímulo à Inovação:
Disposição para questionar e desafiar o status quo pode promover mudanças positivas
e aprimorar processos de trabalho.
Claridade na Comunicação:
Firmeza ao expressar opiniões resulta em comunicação mais transparente e objetiva,
facilitando a identificação de pontos de melhoria.","Risco de Conflitos Frequentes:
Postura muito rígida pode gerar atritos e dificultar colaboração em projetos
acadêmicos.
Ambiente Tenso:
Falta de complacência pode criar um clima de trabalho menos harmonioso,
prejudicando a cooperação e o bem-estar coletivo.
Dificuldade em Aceitar Divergências:
Pode haver resistência em ouvir e integrar pontos de vista diferentes, limitando o
aprendizado colaborativo.","Defina um Protocolo de Convivência:
Ao trabalhar em grupo, estabeleça regras de convivência para minimizar
interpretações de hostilidade e resolver conflitos de forma construtiva.
Invista em Escuta Ativa:
Mesmo discordando, demonstre interesse genuíno nas ideias alheias; compreenda
argumentos antes de apresentar suas opiniões.
Balance Assertividade com Empatia:
Combine firmeza com esforço consciente para reconhecer e valorizar contribuições
dos colegas, tratando a diversidade de opiniões como ativo.
Pratique a Mediação de Conflitos:
Desenvolva habilidades de mediação para transformar divergências em oportunidades
de crescimento e aprimoramento coletivo.","Graduandos com nível baixo da faceta Complacência tendem a ser mais competitivos e firmes, vantagem para defender interesses e promover inovações. Contudo, equilibrar essa postura com escuta ativa e empatia é essencial para evitar conflitos excessivos e garantir ambiente colaborativo e produtivo. O equilíbrio entre assertividade e compreensão mútua fortalece o sucesso acadêmico e o desenvolvimento dos projetos."
4,Amabilidade,2,Complacência,Médio,"A faceta Complacência, em nível médio, indica um perfil equilibrado entre a busca por harmonia e a defesa dos próprios interesses em situações acadêmicas. O graduando geralmente prefere evitar conflitos abertos, mas é capaz de expressar suas opiniões e discordâncias quando considera necessário para a qualidade dos projetos ou para o próprio bem-estar. Essa postura favorece um ambiente de trabalho respeitoso e colaborativo, ao mesmo tempo em que preserva autonomia e assertividade.","● Equilíbrio entre Harmonia e Firmeza:
Busca manter relações harmoniosas, mas não hesita em expor suas
necessidades e preferências quando se depara com decisões importantes ou
divisões injustas de tarefas.
● Flexibilidade com Limites:
É capaz de ceder em pequenas questões para preservar o clima do grupo, mas
impõe limites claros diante de demandas excessivas ou desrespeito a prazos e
responsabilidades.
● Gestão de Conflitos Moderada:
Procura resolver divergências por meio do diálogo e da negociação, sem evitar
completamente debates ou discordâncias construtivas.
● Postura Cooperativa com Assertividade:
Colabora com colegas e professores, incentivando a troca de ideias, mas
também contribui ativamente para a definição de metas e estratégias do grupo.","● Ambiente Colaborativo Estável:
A postura conciliadora, aliada à assertividade, favorece relações positivas e
produtivas, reduzindo conflitos desnecessários e facilitando a cooperação.
● Resolução Eficiente de Problemas:
A disposição para dialogar e negociar promove soluções que contemplam os
interesses de todos, equilibrando bem-estar coletivo e resultados acadêmicos.
● Preservação da Autonomia:
A capacidade de impor limites protege o estudante contra sobrecarga e
preserva seu foco em metas pessoais relevantes.","● Oscilação entre Ceder e Confrontar:
Pode sentir-se dividido(a) entre a vontade de evitar conflitos e a necessidade de
se posicionar, especialmente em grupos heterogêneos ou competitivos.
● Possibilidade de Mal-Entendidos:
O esforço para equilibrar interesses pode gerar dúvidas sobre sua posição,
sendo necessário comunicar de forma clara suas prioridades e limites.","● Diálogo Aberto e Respeitoso:
Comunique suas opiniões e preocupações de forma transparente e cordial,
promovendo ambiente propício à resolução pacífica dos conflitos.
● Definição de Prioridades:
Avalie, em cada situação, quando vale a pena ceder e quando é fundamental
defender seus interesses ou os do grupo.
● Negociação e Consenso:
Busque sempre o consenso, mas esteja preparado(a) para argumentar de
forma construtiva e ética quando discordar das decisões coletivas.
● Autoavaliação Contínua:
Reflita sobre os resultados das interações em grupo, ajustando sua postura
conforme a receptividade e a evolução dos projetos.","Graduandos com nível médio da faceta Complacência mantêm equilíbrio saudável entre cooperação e assertividade, promovendo clima colaborativo sem abrir mão de seus objetivos e necessidades. O desenvolvimento contínuo de habilidades de negociação, comunicação clara e definição de limites favorece tanto a convivência produtiva quanto o progresso individual e coletivo nos projetos acadêmicos."
5,Conscienciosidade,2,Ordem,Alto,"A faceta Ordem envolve a tendência a organizar, estruturar e manter um ambiente e cronograma de trabalho bem planejados, o que é essencial para gerenciar as múltiplas demandas. Em nível alto, o graduando demonstra rigor notável na organização de materiais, no uso de ferramentas de planejamento e na manutenção de um ambiente de estudo eficiente.","Organização Sistemática:
Gosta de organizar materiais (artigos, livros, anotações) de forma estruturada e
sistemática.
Ambiente de Trabalho Arrumado:
Mantém a mesa ou bancada sempre arrumada e pronta para uso.
Uso de Ferramentas de Planejamento:
Prefere utilizar calendários, planners ou aplicativos para acompanhar atividades
acadêmicas (prazos de projetos, provas, reuniões de equipe).
Planejamento Diário:
Estabelece cronograma que inclui horários de escrita, leitura, prática de laboratório e
pausas, promovendo eficiência no gerenciamento do tempo.","Alta Eficiência:
Ambiente organizado facilita acesso rápido a materiais e cumprimento de prazos,
garantindo fluxo de trabalho contínuo.
Melhor Gestão do Tempo:
Uso de ferramentas de planejamento possibilita distribuição equilibrada das tarefas,
aumentando produtividade.
Redução de Estresse:
Clareza e estrutura no ambiente de estudo ajudam a minimizar ansiedade causada por
desorganização.","Excesso de Planejamento:
Investir tempo demais na organização e revisão do cronograma pode desviar o foco
das atividades produtivas.
Rigidez Excessiva:
Organização muito rígida pode reduzir flexibilidade para lidar com imprevistos (falhas
de equipamento, mudanças de requisitos).","Defina Limites de Tempo para o Planejamento:
Reserve, por exemplo, 15 minutos diários para revisar e ajustar o cronograma,
evitando que o planejamento consuma tempo excessivo.
Utilize Ferramentas de Produtividade:
Adote aplicativos como Google Calendar, Trello ou Notion para otimizar organização e
agilizar a rotina, mantendo foco no conteúdo.
Mantenha Flexibilidade:
Embora seja importante ter um plano, permita-se adaptar a rotina quando surgirem
demandas imprevistas, sem perder a estrutura geral.
Periodicidade na Organização:
Faça revisão semanal mais profunda para garantir que a organização esteja alinhada
às prioridades do semestre e dos projetos.","Graduandos com nível alto da faceta Ordem desfrutam de rotina estruturada e eficiente, o que contribui para o cumprimento de prazos e o gerenciamento de múltiplas demandas. Entretanto, equilibrar zelo pela organização com a flexibilidade necessária garante que o planejamento não se torne obstáculo à produtividade."
5,Conscienciosidade,2,Ordem,Baixo,"A faceta Ordem, em nível baixo, caracteriza-se pela dificuldade em manter um ambiente e um cronograma de trabalho organizados, o que pode prejudicar a eficiência na gestão das tarefas da graduação. Essa desorganização impacta o acesso a materiais e o cumprimento de prazos importantes.","Desorganização dos Materiais:
Tem dificuldade em organizar artigos, livros, apostilas e anotações de forma
sistemática.
Ambiente de Trabalho Caótico:
A mesa ou bancada costuma estar desarrumada, dificultando a localização rápida de
informações.
Falta de Uso Consistente de Ferramentas:
Pouco ou nenhum uso de calendários, planners ou aplicativos para acompanhar
atividades e prazos de disciplinas e projetos.
Ausência de Planejamento Diário:
Não há cronograma estruturado que inclua horários de leitura, escrita, laboratório e
pausas, comprometendo a gestão do tempo.","Maior Flexibilidade:
Abordagem menos estruturada permite adaptações rápidas e liberdade para explorar
métodos diferentes sem ficar preso(a) a um planejamento rígido.
Foco no Conteúdo:
Ao não gastar muito tempo com organização, pode dedicar-se diretamente ao
conteúdo, desde que a desordem não prejudique o acesso às informações.","Ineficiência na Gestão do Tempo:
Desorganização pode levar à perda de prazos importantes e dificuldade em priorizar
tarefas, impactando negativamente a produtividade.
Dificuldade de Acesso a Materiais:
Falta de sistema organizado dificulta localização rápida de artigos, livros e anotações
essenciais.
Risco de Procrastinação:
Sem planejamento diário, há maior risco de adiamentos e acúmulo de tarefas,
prejudicando o avanço dos trabalhos.","Inicie com Tarefas Básicas de Organização:
Separe uma pasta (física ou digital) para cada disciplina ou projeto, facilitando a
categorização dos materiais.
Estabeleça um Dia Fixo para a Organização:
Reserve, por exemplo, o domingo para fazer uma “limpeza” e arrumação do material
de estudo, criando hábito mínimo de ordem.
Utilize Ferramentas Simples:
Mesmo de forma básica, adote calendário ou planner (Google Calendar, planilha) para
registrar prazos e compromissos.
Programe Revisões Periódicas:
Realize revisões semanais para ajustar e atualizar a organização, garantindo que ela
evolua conforme as demandas do semestre.","Graduandos com nível baixo da faceta Ordem enfrentam desafios na gestão de suas atividades, o que pode comprometer eficiência e cumprimento de prazos. Contudo, a implementação gradual de hábitos organizacionais e o uso de ferramentas simples podem melhorar a estrutura do ambiente de estudo, promovendo rotina mais produtiva e facilitando o acesso aos materiais essenciais para o sucesso acadêmico."
5,Conscienciosidade,2,Ordem,Médio,"A faceta Ordem, em nível médio, caracteriza-se por um equilíbrio entre a necessidade de organização e a flexibilidade para lidar com as demandas do curso. O graduando tende a adotar práticas organizacionais básicas, como manter materiais em ordem e utilizar algum tipo de planejamento, mas pode alternar períodos de maior estruturação com momentos de adaptação conforme as circunstâncias. Essa postura possibilita boa gestão das atividades sem tornar o planejamento excessivamente rígido ou, ao contrário, descuidado.","● Organização Moderada:
Geralmente mantém materiais, anotações e espaço de estudo razoavelmente
organizados, ainda que possa haver lapsos pontuais em períodos de maior
pressão.
● Uso Parcial de Ferramentas de Planejamento:
Faz uso de agendas, planners ou aplicativos de organização para acompanhar
atividades e prazos, mas nem sempre de forma contínua ou detalhada.
● Planejamento Flexível:
Procura estruturar rotinas e dividir tarefas, mas adapta o cronograma conforme
surgem novas demandas ou imprevistos.
● Alternância entre Estrutura e Adaptação:
Consegue equilibrar momentos de rigor organizacional com períodos em que
prioriza a execução prática e a resolução de urgências.","● Gestão Eficiente do Tempo:
O nível intermediário de organização permite bom controle dos prazos e
adaptação a mudanças sem perda significativa de produtividade.
● Redução de Estresse:
A estrutura básica favorece clareza nas tarefas, evitando acúmulo
desnecessário de pendências e minimizando ansiedade.
● Flexibilidade para Demandas Variáveis:
A capacidade de ajustar o grau de organização conforme o contexto permite
respostas rápidas a situações inesperadas.","● Lapsos de Organização em Picos de Atividade:
Pode experimentar períodos de desordem ou esquecimento de compromissos
quando há acúmulo de tarefas ou pressões simultâneas.
● Tendência à Procrastinação Pontual:
Nos momentos em que a organização é deixada em segundo plano, pode haver
adiamento de tarefas importantes.
● Dependência de Situações Externas:
O grau de ordem pode variar de acordo com a rotina do semestre, tornando
difícil manter padrão estável ao longo do tempo.","● Estabelecimento de Rotinas Simples:
Crie rotinas diárias ou semanais mínimas para revisão de materiais, atualização
de cronogramas e organização do espaço de estudo.
● Utilização de Ferramentas Práticas:
Adote ferramentas que sejam fáceis de usar e possam ser integradas à rotina
sem exigir esforço excessivo de manutenção.
● Checklists e Revisões Semanais:
Implemente listas de tarefas semanais para priorizar demandas e evitar o
acúmulo de pendências.
● Ajuste Periódico de Estratégias:
Reavalie periodicamente o sistema de organização para corrigir possíveis falhas
e adaptar métodos ao volume de trabalho de cada etapa do curso.","Graduandos com nível médio da faceta Ordem conseguem equilibrar organização e flexibilidade, favorecendo a eficiência sem tornar a rotina excessivamente rígida. Ao investir em rotinas básicas e revisões regulares, é possível aprimorar ainda mais a gestão do tempo e das tarefas, tornando o percurso acadêmico mais produtivo e menos suscetível a imprevistos e sobrecarga."
