category_id,category_name,subcategory_id,subcategory_name,question_id,question,alternative_1,alternative_2,alternative_3,alternative_4,alternative_5,low_feedback,medium_feedback,high_feedback
1,Neuroticismo,1,Ansiedade,1,"Sinto preocupação constante com meu desempenho, prazos e exigências do curso (provas, projetos, estágios).",(1) Discordo Totalmente,(2) Discordo Parcialmente,(3) Neutro,(4) Concordo Parcialmente,(5) Concordo Totalmente,Sua tranquilidade preserva foco e energia. Use agenda ou listas semanais de tarefas para não subestimar prazos e manter ritmo constante.,"Você se preocupa quando necessário, mas sem excessos. Mantenha a prática de planejar etapas intermediárias para que a carga de trabalho se distribua de forma equilibrada.","A vigilância constante pode impulsionar a excelência, porém compete com a concentração. Divida projetos em partes menores e utilize técnicas de respiração para conter a tensão diária."
1,Neuroticismo,1,Ansiedade,2,Fico nervoso(a) facilmente quando penso em avaliações.,(1) Discordo Totalmente,(2) Discordo Parcialmente,(3) Neutro,(4) Concordo Parcialmente,(5) Concordo Totalmente,"A serenidade em avaliações favorece desempenho estável. Para não acomodar-se, participe de grupos de estudo.","Você reage com leve nervosismo saudável, suficiente para prepará-lo. Continue ensaiando apresentações e conferindo prazos com antecedência para transformar esse alerta em ação produtiva.","O nervosismo indica alta sensibilidade a expectativas externas. Planeje-se com antecedência, inclua pausas ativas (alongamentos) e recorra a suporte psicológico se os sintomas persistirem."
1,Neuroticismo,1,Ansiedade,3,Às vezes perco o sono pensando se meu esforço de estudo é suficiente.,(1) Discordo Totalmente,(2) Discordo Parcialmente,(3) Neutro,(4) Concordo Parcialmente,(5) Concordo Totalmente,"Seu sono regular mantém clareza mental. Defina metas diárias e alarmes para garantir , revisões necessárias de conteúdos.","Ocasional inquietação é natural. Mantenha a higiene do sono (rotina fixa, afastar telas antes de dormir) e registre tarefas concluídas para reduzir a ruminação noturna.","Perder sono revela tensão emocional intensa. Adote técnicas de relaxamento (respiração 4-7-8), exercício físico leve e procure apoio se a insônia tornar-se frequente."
1,Neuroticismo,1,Ansiedade,4,Meu coração acelera quando imagino a pressão de uma apresentação ou seminário.,(1) Discordo Totalmente,(2) Discordo Parcialmente,(3) Neutro,(4) Concordo Parcialmente,(5) Concordo Totalmente,"A calma facilita apresentações fluidas. Para crescer, faça ensaios cronometrados e peça críticas construtivas que desafiem seu nível de conforto.",Um leve aumento de adrenalina é útil para energia . Continue praticando visualização positiva e revisando o roteiro para converter a excitação em desempenho confiante.,"A ativação fisiológica é típica de estresse, porém, em níveis elevados, pode ser prejudicial. Realize ensaios estruturados, pratique respiração diafragmática antes de falar em público e use feedback gradual para dessensibilizar a ansiedade."
1,Neuroticismo,1,Ansiedade,5,Sinto um “aperto” no peito ao ver o prazo se aproximar para uma prova importante.,(1) Discordo Totalmente,(2) Discordo Parcialmente,(3) Neutro,(4) Concordo Parcialmente,(5) Concordo Totalmente,"Serenidade reduz o risco de esgotamento. Para evitar procrastinação, divida o conteúdo em blocos diários e acompanhe o progresso em um quadro visível.",A tensão moderada ajuda a priorizar revisões. Siga um cronograma espaçado (revisão progressiva) para manter pressão adequada sem sobrecarga.,"O desconforto físico sinaliza ansiedade elevada. Combine planejamento detalhado, exercício leve e, se necessário, apoio psicológico para aprender estratégias de regulação emocional."
1,Neuroticismo,1,Ansiedade,6,Consigo manter a calma mesmo quando o prazo para entregar um trabalho está muito próximo.,(1) Discordo Totalmente,(2) Discordo Parcialmente,(3) Neutro,(4) Concordo Parcialmente,(5) Concordo Totalmente,"Dificuldade em manter a calma sugere alta ansiedade. Priorize micro-tarefas, use a técnica Pomodoro e inclua pausas curtas com respiração profunda para reduzir picos de tensão.","Você se mantém relativamente estável, mas nota um leve estresse. Continue quebrando a tarefa em etapas e solicitando revisões preliminares para evitar acúmulo nos dias finais.","Sua calma preserva eficiência e saúde mental. Para não acomodar-se, estabeleça prazos mais curtos e submeta rascunhos a colegas para assegurar revisão criteriosa."
1,Neuroticismo,2,Hostilidade,7,Fico irritado(a) quando alguém interrompe minha rotina de estudos abruptamente.,(1) Discordo Totalmente,(2) Discordo Parcialmente,(3) Neutro,(4) Concordo Parcialmente,(5) Concordo Totalmente,"Sua serenidade mantém o ambiente colaborativo. Para proteger períodos de foco, defina horários de “porta fechada” com avisos aos colegas e use fones ou bibliotecas silenciosas como barreira contra interrupções frequentes.","Você reage com leve irritação, o que sinaliza que valoriza o tempo de estudo. Defina curtos intervalos de convivência (ex.: pausa a cada 90 min) para minimizar interferências e manter relações amistosas.","A irritação intensa pode dispersar a concentração e gerar atritos. Identifique os gatilhos (barulho, mensagens) e aplique pausas de 2-3 min com respiração diafragmática antes de retomar o trabalho. Se possível, reserve lugares silenciosos ou ajuste o cronograma para horários de menor fluxo."
1,Neuroticismo,2,Hostilidade,8,"Quando meu planejamento é prejudicado, sinto que vou “explodir”.",(1) Discordo Totalmente,(2) Discordo Parcialmente,(3) Neutro,(4) Concordo Parcialmente,(5) Concordo Totalmente,"A flexibilidade preserva a saúde mental. Para evitar passividade, elabore planos B realistas e registre compromissos mínimos diários, assegurando que os contratempos não levem ao adiamento excessivo das tarefas.","Um leve estresse indica engajamento saudável. Revise cronogramas todas as semanas, ajustando metas antecipadamente e mantendo margem de segurança para imprevistos.",A sensação de “explodir” aponta reatividade elevada. Utilize técnicas de relaxamento muscular progressivo e converse rapidamente com a equipe para renegociar prazos antes que a frustração transborde.
1,Neuroticismo,2,Hostilidade,9,Sinto raiva de colegas que parecem avançar sem se dedicar tanto quanto eu.,(1) Discordo Totalmente,(2) Discordo Parcialmente,(3) Neutro,(4) Concordo Parcialmente,(5) Concordo Totalmente,"Sua postura calma favorece a cooperação. Cuide para não acumular ressentimento silencioso, registre desconfortos (0-10) e, ao atingir ≥ 5, busque diálogo construtivo.",Comparações ocasionais são naturais. Redirecione a energia para metas próprias e considere aprendizado cruzado: observe métodos dos colegas que entregam bons resultados com menos esforço e avalie o que pode ser adaptado.,A raiva pode levar a conflitos e perda de foco. Pratique análise objetiva: liste suas evidências de esforço vs. resultado e converse com algum professor que você se sente mais próximo.
1,Neuroticismo,2,Hostilidade,10,Às vezes me sinto hostil quando subestimam a complexidade dos projetos do curso.,(1) Discordo Totalmente,(2) Discordo Parcialmente,(3) Neutro,(4) Concordo Parcialmente,(5) Concordo Totalmente,"Confiança tranquila é positiva, mas garanta que o valor do seu trabalho seja reconhecido: apresente resultados parciais e documentação clara, evitando que a simplicidade aparente mascare a real complexidade.",A hostilidade moderada indica zelo. Transforme esse impulso em explicações técnicas concisas: prepare “elevator pitches” de 1 min que destaquem desafios chave e relevância do projeto sem soar defensivo.,"Sentir-se desrespeitado pode gerar respostas ríspidas. Antes de reagir, aplique a regra dos 10 segundos: respire, então exponha a complexidade do trabalho com dados concretos (ex.: métricas, requisitos de laboratório) para converter tensão em esclarecimento."
1,Neuroticismo,2,Hostilidade,11,Fico irritado(a) ao receber feedback que exige revisões extensas inesperadas.,(1) Discordo Totalmente,(2) Discordo Parcialmente,(3) Neutro,(4) Concordo Parcialmente,(5) Concordo Totalmente,"Aceitar críticas com calma facilita melhoria contínua. Para não cair em complacência, marque revisões pessoais antes de submeter entregas, reduzindo a probabilidade de mudanças amplas de última hora.","Irritação moderada pode motivar aprimoramento. Agende bloco de duas etapas: primeiro leia o feedback sem editar; depois, 24 h depois, faça a revisão — esse intervalo reduz reatividade e aumenta objetividade.","A irritação intensa pode atrasar ajustes. Use pausas curtas, reformule o feedback em tarefas objetivas e priorize por impacto acadêmico. Se necessário, peça esclarecimentos ao avaliador para direcionar esforços e evitar retrabalho."
1,Neuroticismo,2,Hostilidade,12,Consigo lidar com contratempos ou mudanças de cronograma sem perder a calma.,(1) Discordo Totalmente,(2) Discordo Parcialmente,(3) Neutro,(4) Concordo Parcialmente,(5) Concordo Totalmente,Dificuldade em manter a calma indica alta ansiedade ou hostilidade. Pratique planejamento com folgas de 10-15 % no cronograma e utilize listas de “próximo passo” para retomar rapidamente após um imprevisto.,"Você se adapta, mas sente leve tensão. Fortaleça esse equilíbrio, revendo semanalmente riscos de atraso e mantendo comunicação aberta com colegas para redistribuir tarefas se necessário.","Sua adaptabilidade protege o desempenho e o clima da equipe. Para evitar sobrecarga futura, documente as lições aprendidas e crie checklists, garantindo que a calma seja acompanhada de ajustes necessários."
1,Neuroticismo,3,Desânimo,13,"Frequentemente me sinto desanimado(a), achando que não concluirei disciplinas difíceis.",(1) Discordo Totalmente,(2) Discordo Parcialmente,(3) Neutro,(4) Concordo Parcialmente,(5) Concordo Totalmente,"Seu otimismo reforça a persistência. Para não deixar tarefas se acumularem, mantenha cronogramas semanais com metas claras e revise conteúdos logo após as aulas práticas ou teóricas.","Reconhecer desafios sem perder a motivação é saudável. Mantenha diários de conquistas (linha de código resolvida, experimento ajustado) para transformar esforços em indicadores visíveis de progresso.",A descrença reduz engajamento. Estabeleça metas de micro-vitórias diárias (ex.: resolver um exercício-chave) e compartilhe dificuldades com monitores ou veteranos para obter orientação e reforço positivo.
1,Neuroticismo,3,Desânimo,14,Tenho momentos em que me sinto sem esperança sobre meu futuro profissional após a graduação.,(1) Discordo Totalmente,(2) Discordo Parcialmente,(3) Neutro,(4) Concordo Parcialmente,(5) Concordo Totalmente,"Confiança facilita planejamento de carreira. Para evitar complacência, participe de eventos acadêmico- profissionais e mantenha currículos e perfis online sempre atualizados.","Oscilações leves são comuns. Agende conversas com profissionais da área, e procure por informações confiáveis e atualizadas para alinhar expectativas e metas de desenvolvimento.","Desesperança impacta decisões de longo prazo. Busque orientação com o serviço de carreira , construa um portfólio de projetos e revise caminhos profissionais para visualizar possibilidades concretas."
1,Neuroticismo,3,Desânimo,15,Fico triste quando meus resultados acadêmicos não evoluem conforme o esperado.,(1) Discordo Totalmente,(2) Discordo Parcialmente,(3) Neutro,(4) Concordo Parcialmente,(5) Concordo Totalmente,"A atitude positiva facilita ajustes rápidos. Para não ignorar seus pontos fracos, estabeleça revisões e mantenha sempre o contato com colegas e professores.",Tristeza moderada motiva revisão de estratégia. Use ciclos curtos de melhoria (planejar-executar-checar-agir) para ajustar abordagens de estudo ou metodologia de projeto.,"Tristeza forte pode levar a desistência. Registre pequenos progressos diários e celebre cada etapa concluída; se a frustração persistir, considere apoio psicológico e grupos de estudo."
1,Neuroticismo,3,Desânimo,16,Às vezes penso em desistir por sentir que não atingirei o nível de exigência do curso.,(1) Discordo Totalmente,(2) Discordo Parcialmente,(3) Neutro,(4) Concordo Parcialmente,(5) Concordo Totalmente,"Confiança sustenta perseverança. Para garantir excelentes resultados, defina metas de aprimoramento (ex.: dominar uma nova linguagem de programação e meça seu avanço objetivamente.",Questionar-se ocasionalmente é normal. Divida as competências exigidas em módulos menores; complete cada módulo antes de avaliar a necessidade de mudanças maiores.,"Ideias frequentes de desistir exigem atenção. Reavalie carga de disciplinas, converse com coordenação sobre possibilidades de ajuste de matrícula e busque apoio de colegas, professores e tutores acadêmicos."
1,Neuroticismo,3,Desânimo,17,Sinto-me sem energia até para iniciar tarefas pendentes.,(1) Discordo Totalmente,(2) Discordo Parcialmente,(3) Neutro,(4) Concordo Parcialmente,(5) Concordo Totalmente,"Níveis de energia estáveis facilitam a produtividade. Para evitar adiamentos, mantenha agenda com prazos claros (ex.: início de relatório na segunda, revisão na quarta).","Cansaço eventual requer reequilíbrio. Pratique técnicas de pausa ativa (alongamento de 5 min, caminhada), garantindo a energia entre blocos de estudo.","Falta de energia recorrente sinaliza risco de esgotamento. Priorize atividades essenciais, inclua rotinas de sono regulares, exercício leve e considere acompanhamento de saúde mental se a fadiga for persistente."
1,Neuroticismo,3,Desânimo,18,Consigo manter ânimo mesmo após receber avaliações negativas.,(1) Discordo Totalmente,(2) Discordo Parcialmente,(3) Neutro,(4) Concordo Parcialmente,(5) Concordo Totalmente,"Dificuldade em manter ânimo sugere impacto emocional elevado. Leia o feedback, faça intervalos de 24h e retorne com foco em ações corretivas específicas.",Leve abalo seguido de recuperação. Converta comentários em checklist de melhorias e agende revisões rápidas para aplicar ajustes enquanto o conteúdo ainda está fresco.,"Resiliência favorece evolução contínua. Para impedir complacência, marque reuniões curtas com docentes para entender detalhes do feedback e estabelecer metas de aprimoramento concretas."
1,Neuroticismo,4,Autoconsciência,19,Fico envergonhado(a) ao cometer erros na frente de colegas ou professores.,(1) Discordo Totalmente,(2) Discordo Parcialmente,(3) Neutro,(4) Concordo Parcialmente,(5) Concordo Totalmente,"Sua tranquilidade favorece a correção rápida . Para evitar excesso de autoconfiança, registre dúvidas para checar com docentes e inclua uma revisão final antes de expor resultados.",Você sente um leve constrangimento que ajuda a manter seus resultados. Continue preparando resumos prévios e verifique termos críticos com colegas antes das aulas práticas.,"A vergonha elevada pode travar perguntas essenciais. Escreva as dúvidas num bloco e formule-as por e-mail ou em plantões individuais, gradualmente ganhando confiança para perguntar em público."
1,Neuroticismo,4,Autoconsciência,20,Sinto-me desconfortável quando percebo que julgam minha dedicação.,(1) Discordo Totalmente,(2) Discordo Parcialmente,(3) Neutro,(4) Concordo Parcialmente,(5) Concordo Totalmente,Pouca preocupação com julgamento mantém foco na tarefa. Peça feedback regular para alinhar expectativas e garantir que a percepção externa corresponda ao seu esforço real.,Desconforto moderado incentiva atenção à qualidade. Defina critérios de desempenho e monitore seus resultados.,Sensibilidade alta ao julgamento pode gerar ansiedade. Substitua autoavaliação baseada em suposições por métricas concretas (check-list de etapas concluídas) e discuta-as abertamente com colegas e professores.
1,Neuroticismo,4,Autoconsciência,21,Tenho vergonha de apresentar meus trabalhos em seminários.,(1) Discordo Totalmente,(2) Discordo Parcialmente,(3) Neutro,(4) Concordo Parcialmente,(5) Concordo Totalmente,"Conforto ao expor resultados é valioso. Para refinar apresentações, solicite críticas detalhadas e grave ensaios curtos para autoavaliação de clareza e tempo.",Nervosismo leve é combustível de preparação. Pratique apresentações relâmpago (3-min) em grupos pequenos antes da sessão oficial para solidificar confiança.,Vergonha intensa dificulta visibilidade acadêmica. Comece apresentando pequenos trechos do trabalho em reuniões internas e evolua para seminários completos à medida que receber feedback positivo.
1,Neuroticismo,4,Autoconsciência,22,Evito expor falhas para não parecer despreparado(a).,(1) Discordo Totalmente,(2) Discordo Parcialmente,(3) Neutro,(4) Concordo Parcialmente,(5) Concordo Totalmente,"Disposição para admitir falhas acelera aprendizado. Mantenha rotina de retrospectiva semanal, listando erros e planos de correção para estimular melhoria contínua.",Hesitar às vezes é natural. Crie parceria de estudo em que cada membro compartilhe um erro da semana; isso normaliza a exposição de dificuldades.,"Ocultar falhas priva você de ajuda crucial. Utilize formulário ou chat privado com monitores para esclarecer pontos fracos sem exposição direta, migrando depois para discussões abertas."
1,Neuroticismo,4,Autoconsciência,23,Fico constrangido(a) ao admitir dúvidas em grupos de estudo.,(1) Discordo Totalmente,(2) Discordo Parcialmente,(3) Neutro,(4) Concordo Parcialmente,(5) Concordo Totalmente,"Sua abertura enriquece o grupo de estudo. Ao receber respostas, registre-as em um arquivo compartilhado para beneficiar colegas e reforçar colaboração.","Constrangimento moderado pode ser superado solicitando turnos de pergunta: cada colega traz uma dúvida, normalizando a prática.","Vergonha elevada limita aprendizagem colaborativa. Comece enviando dúvidas antecipadamente ao grupo (mensagem ou e-mail) e, após receber retorno positivo, participe ativamente nas reuniões."
1,Neuroticismo,4,Autoconsciência,24,Participo de discussões acadêmicas sem medo de mostrar minhas limitações.,(1) Discordo Totalmente,(2) Discordo Parcialmente,(3) Neutro,(4) Concordo Parcialmente,(5) Concordo Totalmente,Medo de expor limitações sugere autoconsciência elevada. Defina um objetivo simples: fazer ao menos uma pergunta por aula para normalizar participação.,"Você contribui, mas ainda se policia. Antes da discussão, anote um ponto forte e um ponto a melhorar; compartilhe ambos para equilibrar segurança e vulnerabilidade.","Sua confiança incentiva um debate rico. Para manter humildade acadêmica, convide colegas a criticar seu raciocínio e integre sugestões na versão final do projeto."
1,Neuroticismo,5,Impulsividade,25,"Abandono meu cronograma para fazer algo divertido, mesmo sabendo que me arrependerei.",(1) Discordo Totalmente,(2) Discordo Parcialmente,(3) Neutro,(4) Concordo Parcialmente,(5) Concordo Totalmente,"Seu autocontrole preserva a regularidade dos estudos. Para evitar rigidez, reserve breves janelas de lazer programado (ex.: 20 min de intervalo após 90 min de foco) a fim de manter motivação sem comprometer prazos.","Você ocasionalmente cede à distração, mas retoma o plano. Use a regra “Se…, então…”: Se surgir vontade de parar, então continue 10 min e reavalie; isso reduz impulsos sem eliminar pausas necessárias.",Abandonar tarefas por prazer imediato gera arrependimento e atrasos. Instale bloqueadores de sites durante blocos críticos e combine recompensas curtas somente após concluir uma meta do cronograma.
1,Neuroticismo,5,Impulsividade,26,"Se estou entediado(a), paro de estudar na hora, sem pensar nas consequências.",(1) Discordo Totalmente,(2) Discordo Parcialmente,(3) Neutro,(4) Concordo Parcialmente,(5) Concordo Totalmente,Persistência diante do tédio garante profundidade de estudo. Alterne métodos (leitura ↔ prática) dentro do mesmo bloco de trabalho.,Pausas ocasionais podem ser úteis. Planeje micro-intervalos de 5 min a cada 45-50 min para alongar-se ou beber água; isso evita paradas longas não planejadas.,"Interrupções imediatas comprometem a continuidade. Antes de parar, defina um marco rápido (ex.: encerrar a seção atual) e use um cronômetro para limitar o intervalo a 10 min, retornando em seguida."
1,Neuroticismo,5,Impulsividade,27,Passo muito tempo em redes sociais quando deveria focar nos estudos.,(1) Discordo Totalmente,(2) Discordo Parcialmente,(3) Neutro,(4) Concordo Parcialmente,(5) Concordo Totalmente,"Uso controlado mantém foco. Aproveite a disciplina para agendar breves check-ins digitais após os períodos mais exigentes , evitando a sensação de isolamento.","Desvio moderado requer ajuste. Experimente a técnica Pomodoro com apps que bloqueiam redes durante sessões de 25 min, liberando acesso nos 5 min de pausa.",Tempo excessivo online atrasa projetos. Ative modo avião ou deixe o celular fora de alcance físico durante blocos de estudo; registre o tempo economizado para visualizar o ganho de produtividade.
1,Neuroticismo,5,Impulsividade,28,"Faço pausas bem mais longas que o planejado, apesar de prazos finais próximos.",(1) Discordo Totalmente,(2) Discordo Parcialmente,(3) Neutro,(4) Concordo Parcialmente,(5) Concordo Totalmente,"Pausas proporcionais garantem ritmo sustentável. Inclua pausas “ativas” (alongar, caminhar) para preservar energia sem estender demais o intervalo.","Pausas às vezes se alongam. Programe um alarme de retorno (ex.: 10 min) e defina exatamente a próxima tarefa antes de levantar, facilitando recomeço pontual.",Pausas longas viram procrastinação. Reduza duração com técnica “descanso restrito”: limite a pausa a 5 min antes de prazos críticos e recompense-se depois da entrega.
1,Neuroticismo,5,Impulsividade,29,Começo a assistir vídeos de entretenimento quando o estudo fica cansativo.,(1) Discordo Totalmente,(2) Discordo Parcialmente,(3) Neutro,(4) Concordo Parcialmente,(5) Concordo Totalmente,"Boa resistência à tentação mantém o fluxo de trabalho. Para evitar fadiga, insira pequenas trocas de tarefa (ex.: passagem da teoria à prática) em vez de vídeos.",Desvio moderado. Compile uma lista curta de vídeos educativos relacionados ao tema para transformar parte do entretenimento em estudo leve sem sair do foco.,Ceder a vídeos quebra a imersão. Use extensões que travam plataformas de vídeo até que metas-chave sejam concluídas; anote os links para assistir após o horário de lazer planejado.
1,Neuroticismo,5,Impulsividade,30,Resisto com facilidade às notificações do celular durante sessões de estudo intensivo.,(1) Discordo Totalmente,(2) Discordo Parcialmente,(3) Neutro,(4) Concordo Parcialmente,(5) Concordo Totalmente,"Baixa resistência indica impulsividade elevada. Desative notificações, deixe o aparelho fora de alcance e utilize o modo concentração do sistema operacional durante as sessões de foco.","Resistência razoável, porém ainda distrai. Agrupe notificações para chegarem em lotes horários e mantenha o celular em modo silencioso sobre a mesa, virado para baixo.","Excelente autocontrole digital. Para sustentar o desempenho, programe intervalos curtos para checar mensagens de uma só vez, evitando micro-distratores esporádicos."
2,Extroversão,1,Gregarismo,31,Prefiro participar de grupos de estudo a trabalhar sempre sozinho(a).,(1) Discordo Totalmente,(2) Discordo Parcialmente,(3) Neutro,(4) Concordo Parcialmente,(5) Concordo Totalmente,"Sua preferência por trabalho individual favorece o foco. Para enriquecer perspectivas, agende ao menos um encontro semanal curto com colegas para conversar sobre seus estudos.",Você alterna bem entre colaboração e autonomia. Mantenha sessões quinzenais de grupo para discutir tópicos complexos e preserve blocos individuais para consolidar conteúdo.,"Aprendizado colaborativo é seu ponto forte. Para evitar sobrecarga de reuniões, defina uma pauta clara e limite de tempo a cada encontro, garantindo espaço para estudo aprofundado sozinho."
2,Extroversão,1,Gregarismo,32,Sinto-me mais animado(a) em ambientes com debates constantes.,(1) Discordo Totalmente,(2) Discordo Parcialmente,(3) Neutro,(4) Concordo Parcialmente,(5) Concordo Totalmente,"Ambientes silenciosos aumentam sua produtividade. Use bibliotecas ou salas de estudo reservadas, mas marque check-ins rápidos on-line quando precisar de feedback.",Você equilibra bem estímulo e concentração. Organize períodos de debate após etapas chave dos seus estudos e projetos; isso traz novas ideias sem dispersar o foco.,"Discussões o revigoram. Para não perder ritmo, crie um quadro compartilhado onde ideias sejam registradas e priorizadas antes de se aprofundar em cada tema."
2,Extroversão,1,Gregarismo,33,Gosto de grupos de discussão sobre temas do meu curso.,(1) Discordo Totalmente,(2) Discordo Parcialmente,(3) Neutro,(4) Concordo Parcialmente,(5) Concordo Totalmente,"Falar pouco em grupos preserva tempo. Para colher benefícios, participe de fóruns assíncronos e deixe perguntas pontuais — você recebe insights sem reuniões longas.","Interesse moderado. Selecione apenas grupos alinhados aos seus interesses atuais e participe em momentos estratégicos (ex.: início de semestre, revisão de literatura).","Você valoriza muito a troca de ideias. Rotacione liderança das discussões para garantir foco e permita a todos apresentar suas idéias, mantendo o debate produtivo."
2,Extroversão,1,Gregarismo,34,Aprendo melhor conversando sobre métodos ou resultados com colegas.,(1) Discordo Totalmente,(2) Discordo Parcialmente,(3) Neutro,(4) Concordo Parcialmente,(5) Concordo Totalmente,"Você assimila conteúdo em estudo solo. Para testar compreensão, faça revisões esporádicas com um colega de confiança ou grave um áudio explicando o conceito para si mesmo.",Combina estudo individual com debates pontuais. Agende revisões em duplas após concluir cada etapa do seu aprendizado para consolidar o aprendizado.,"Debate potencializa seu entendimento. Para não depender 100 % de outras pessoas, finalize leituras prévias antes da discussão e registre conclusões em resumo escrito."
2,Extroversão,1,Gregarismo,35,Sinto-me revigorado(a) após sessões de brainstorming coletivo.,(1) Discordo Totalmente,(2) Discordo Parcialmente,(3) Neutro,(4) Concordo Parcialmente,(5) Concordo Totalmente,Brainstorming intenso pode cansar. Participe apenas das etapas iniciais (mapeamento de ideias) e depois concentre-se em desenvolver soluções individualmente.,Energia moderada pós-reunião. Defina objetivos claros: converta as melhores ideias em plano de ação pessoal logo após o encontro para não perder o ímpeto.,"Brainstorming eleva sua motivação e criatividade. Para manter a produtividade, finalize cada sessão com tarefas designadas e prazos curtos, evitando que as ideias fiquem só no papel."
2,Extroversão,1,Gregarismo,36,Prefiro estudar isolado(a) para não me distrair.,(1) Discordo Totalmente,(2) Discordo Parcialmente,(3) Neutro,(4) Concordo Parcialmente,(5) Concordo Totalmente,Você aprecia as companhias e aprende bem em grupo. Continue alternando entre debate colaborativo e blocos curtos de estudo solo para fixação dos conceitos.,Tanto trabalho solo quanto coletivo funcionam para você. Escolha o formato conforme a complexidade do assunto e a fase do projeto.,"O isolamento favorece sua concentração, mas pode limitar o feedback rápido. Agende revisões breves com colegas ou professores para validar o avanço e evitar pontos cegos."
2,Extroversão,2,Assertividade,37,Não tenho medo de expor minhas opiniões em sala ou reuniões.,(1) Discordo Totalmente,(2) Discordo Parcialmente,(3) Neutro,(4) Concordo Parcialmente,(5) Concordo Totalmente,Hesitar em falar pode fazer suas ideias passarem despercebidas. Anote dois pontos que queira defender antes da aula e comprometa-se a comentar pelo menos um deles.,"Você fala quando necessário, mas ainda se policia. Continue preparando argumentos-chave e pratique reformular críticas em sugestões construtivas.","Sua clareza beneficia o debate. Para evitar a impressão de imposição, faça perguntas abertas (“Como vocês veem…?”) antes de apresentar seu ponto de vista."
2,Extroversão,2,Assertividade,38,Assumo a liderança em trabalhos coletivos quando necessário.,(1) Discordo Totalmente,(2) Discordo Parcialmente,(3) Neutro,(4) Concordo Parcialmente,(5) Concordo Totalmente,Evitar a liderança pode limitar seu crescimento. Candidate-se para coordenar subtarefas (ex.: controle de prazos) em um próximo projeto para ganhar experiência.,Você lidera quando precisa e sabe delegar. Mantenha check-lists compartilhados para acompanhar o progresso sem centralizar excessivamente.,"Liderar é natural para você. Para estimular o grupo, distribua responsabilidades-chave e ofereça mentoria leve, garantindo que todos desenvolvam competências de gestão."
2,Extroversão,2,Assertividade,39,Defendo meu ponto de vista mesmo contra a maioria.,(1) Discordo Totalmente,(2) Discordo Parcialmente,(3) Neutro,(4) Concordo Parcialmente,(5) Concordo Totalmente,Fortaleça a confiança reunindo dados ou exemplos práticos antes de discordar — isso aumenta a segurança ao se posicionar.,Boa disposição para argumentar. Continue fundamentando seus posicionamentos em evidências e mostre abertura para ajustes durante o debate.,"Persistência sólida. Para não parecer inflexível, declare o interesse comum (“Nosso objetivo é…”), depois apresente seu argumento e convide os que discordam de você a propor melhorias."
2,Extroversão,2,Assertividade,40,Exponho ideias com facilidade em apresentações ou eventos.,(1) Discordo Totalmente,(2) Discordo Parcialmente,(3) Neutro,(4) Concordo Parcialmente,(5) Concordo Totalmente,Pratique apresentações de 3-5 min para colegas ou grave-se; revise postura e clareza antes de apresentações oficinais.,Você se apresenta razoavelmente bem. Aperfeiçoe ritmo e objetividade gravando ensaios e observando o tempo de cada slide.,"Apresentar é seu ponto forte. Para engajar a audiência, inclua perguntas interativas e exemplos aplicados aos projetos do Centro de Tecnologia."
2,Extroversão,2,Assertividade,41,Faço perguntas diretas aos professores quando algo não está claro.,(1) Discordo Totalmente,(2) Discordo Parcialmente,(3) Neutro,(4) Concordo Parcialmente,(5) Concordo Totalmente,"Formular uma dúvida por escrito antes da aula ajuda a ganhar coragem; se ainda hesitar, envie-a por e-mail e depois comente em público na aula seguinte.",Você pergunta quando é essencial. Continue anotando pontos obscuros em tempo real e procure confirmação breve ao fim da aula para fixar o conteúdo.,"Perguntar diretamente acelera o seu aprendizado. Para equilibrar a dinâmica da turma, agrupe dúvidas semelhantes e verifique se colegas também precisam de esclarecimento."
2,Extroversão,2,Assertividade,42,Deixo de expor dúvidas para não parecer insistente.,(1) Discordo Totalmente,(2) Discordo Parcialmente,(3) Neutro,(4) Concordo Parcialmente,(5) Concordo Totalmente,Excelente assertividade: você compartilha dúvidas livremente. Apenas monitore o tempo da aula para que todos possam participar.,Oscila entre perguntar e recuar. Defina um limite (ex.: no máximo 2 dúvidas por aula) para manter o equilíbrio sem ficar em silêncio.,Medo de insistir pode deixar lacunas de conhecimento. Anote suas dúvidas e combine um momento para esclarecê-las sem constrangimento.
2,Extroversão,3,Busca de Novidades,43,Procuro métodos novos de estudo para manter a motivação.,(1) Discordo Totalmente,(2) Discordo Parcialmente,(3) Neutro,(4) Concordo Parcialmente,(5) Concordo Totalmente,"Sua rotina estável garante consistência. Para evitar monotonia, agende um “teste de ferramenta” quinzenal (ex.: mapa mental digital) e avalie se vale a adoção.","Você experimenta ocasionalmente. Inclua uma técnica nova por semestre (p. ex., flashcards) e mantenha as que realmente elevarem rendimento.",Entusiasmo por novos métodos mantém o engajamento. Use um diário de experimentação para anotar ganhos e descartar abordagens que só desviam o foco.
2,Extroversão,3,Busca de Novidades,44,Fico entusiasmado(a) ao testar abordagens diferentes.,(1) Discordo Totalmente,(2) Discordo Parcialmente,(3) Neutro,(4) Concordo Parcialmente,(5) Concordo Totalmente,Testar pouco pode limitar a inovação. Defina mini-projetos de baixo risco (ex.: aplicar uma técnica nova de estudo para um tópico mais desafiador) para avaliar benefícios sem comprometer prazos.,Seu entusiasmo moderado equilibra inovação e estabilidade. Conserve práticas que entregam resultados e reserve finais de mês para explorar algo novo.,"Alta motivação por novidades impulsiona criatividade. Para não dispersar, aplique a regra “1 mudança por vez ” e avalie o impacto antes de seguir para a próxima."
2,Extroversão,3,Busca de Novidades,45,Gosto de variar horários e locais de estudo.,(1) Discordo Totalmente,(2) Discordo Parcialmente,(3) Neutro,(4) Concordo Parcialmente,(5) Concordo Totalmente,"Horários fixos favorecem o ritmo, mas a mente pode saturar. Experimente mudar apenas o ambiente (sala silenciosa ↔ biblioteca) uma vez na semana para reenergizar.","Variação moderada ajuda sem perder rotina. Continue alternando local nos dias, mantendo os horários para preservar o relógio biológico.","Diversificar ambientes revigora você. Para garantir constância, use uma checklist de material essencial (notas, carregador de celular) e evite tempo perdido com adaptações constantes."
2,Extroversão,3,Busca de Novidades,46,"Busco desafios adicionais, como eventos ou competições acadêmicas.",(1) Discordo Totalmente,(2) Discordo Parcialmente,(3) Neutro,(4) Concordo Parcialmente,(5) Concordo Totalmente,Participar pouco pode reduzir networking. Escolha ao menos um evento por semestre alinhado aos seus projetos para ampliar repertório e conexões.,Engajamento seletivo traz equilíbrio. Continue priorizando os eventos ou competições que complementam habilidades-chave da sua formação.,"Desafios extras energizam seu aprendizado. Para não sobrecarregar, aplique um filtro: aceite apenas eventos que não sacrifiquem muito o desempenho nas disciplinas do curso."
2,Extroversão,3,Busca de Novidades,47,Testo novas ferramentas digitais para melhorar desempenho.,(1) Discordo Totalmente,(2) Discordo Parcialmente,(3) Neutro,(4) Concordo Parcialmente,(5) Concordo Totalmente,"Ferramentas tradicionais funcionam, mas podem faltar recursos modernos. Defina um período mensal para validar um app ou extensão que otimize anotações ou gerenciamento de referências.","Adota ferramentas quando vê necessidade. Continue comparando funcionalidades antes de migrar dados, evitando redundância entre as ferramentas.","Curiosidade digital eleva eficiência. Use planilha de avaliação (usabilidade, integração, custo) antes de incorporar a ferramenta ao fluxo principal, prevenindo dispersão."
2,Extroversão,3,Busca de Novidades,48,Mantenho-me fiel a métodos tradicionais e evito novidades.,(1) Discordo Totalmente,(2) Discordo Parcialmente,(3) Neutro,(4) Concordo Parcialmente,(5) Concordo Totalmente,Excelente abertura a inovações. Só se atente a consolidar os melhores processos para ter base comparativa e não girar em falso.,Equilíbrio saudável entre tradição e novidade. Revise semestralmente se alguma ferramenta tradicional pode ser atualizada sem grande curva de aprendizado.,"Preferir métodos testados aumenta consistência, mas pode limitar melhorias. Experimente micro inovações (ex.: atalho no editor de código) que demandam poucos minutos para aprender e trazem ganhos imediatos."
2,Extroversão,4,Emoções Positivas,49,Sinto grande satisfação ao perceber meu avanço acadêmico.,(1) Discordo Totalmente,(2) Discordo Parcialmente,(3) Neutro,(4) Concordo Parcialmente,(5) Concordo Totalmente,"Reconhecer pouco o próprio avanço pode reduzir a motivação. Mantenha um registro de progresso mensal (páginas escritas, exercícios resolvidos) para visualizar conquistas.",Satisfação moderada mantém você estável. Inclua breve revisão semanal listando três avanços; isso reforça sensação de evolução contínua.,Alto nível de satisfação sustenta energia. Compartilhe esses progressos em encontros de grupo para contagiar colegas com otimismo.
2,Extroversão,4,Emoções Positivas,50,Celebrar pequenas conquistas diárias me dá ânimo.,(1) Discordo Totalmente,(2) Discordo Parcialmente,(3) Neutro,(4) Concordo Parcialmente,(5) Concordo Totalmente,A falta de celebração pode tornar a rotina árida. Reserve 5 min no fim do dia para anotar alguma vitória (ex.: bug resolvido) e escolha uma mini-recompensa simples.,Reconhece conquistas às vezes. Use um checklist “feito hoje” e destaque pelo menos um item que gerou aprendizado extra.,Valorizar cada avanço mantém alto engajamento. Continue marcando conquistas no diário e celebre em micro-pausas para preservar seu ritmo sem dispersar.
2,Extroversão,4,Emoções Positivas,51,Consigo manter uma atitude positiva frente a desafios complexos.,(1) Discordo Totalmente,(2) Discordo Parcialmente,(3) Neutro,(4) Concordo Parcialmente,(5) Concordo Totalmente,Postura negativa pode virar desânimo em tarefas difíceis. Divida os desafios em micro-etapas e registre cada etapa concluída para converter a ansiedade em confiança.,"Positividade moderada. Ao iniciar um projeto complexo, defina marcos intermediários com pequenas recompensas para sustentar o otimismo até o final.",O otimismo robusto fortalece resiliência. Compartilhe estratégias de enfrentamento com colegas; isso cria clima colaborativo e eleva moral da turma.
2,Extroversão,4,Emoções Positivas,52,Sinto alegria ao pensar em concluir o curso.,(1) Discordo Totalmente,(2) Discordo Parcialmente,(3) Neutro,(4) Concordo Parcialmente,(5) Concordo Totalmente,Visão distante ou neutra da formatura reduz motivação de longo prazo. Crie um painel visual (road-map do curso) para lembrar o propósito e reacender o entusiasmo.,Alegria moderada é saudável. Esboce um plano semestral apontando como cada disciplina aproxima você da meta final para manter o senso de propósito.,Alegria intensa impulsiona esforço diário. Use esse entusiasmo para organizar estudos de revisão no final do semestre.
2,Extroversão,4,Emoções Positivas,53,Reconheço minhas vitórias mesmo quando o progresso é lento.,(1) Discordo Totalmente,(2) Discordo Parcialmente,(3) Neutro,(4) Concordo Parcialmente,(5) Concordo Totalmente,"A dificuldade em notar vitórias pode gerar frustração. Estabeleça indicadores mínimos e marque ✓ ao cumprir, reforçando o avanço gradual.",Reconhece vitórias de forma equilibrada. Continue atualizando uma planilha de pequenas conquistas e a reveja-a ao fim da semana para consolidar percepção de progresso.,"Excelente habilidade de autorreconhecimento. Para ampliar o impacto, compartilhe essas vitórias com os colegas, cuidando para não parecer presunçoso."
2,Extroversão,4,Emoções Positivas,54,Raramente valorizo minhas conquistas acadêmicas.,(1) Discordo Totalmente,(2) Discordo Parcialmente,(3) Neutro,(4) Concordo Parcialmente,(5) Concordo Totalmente,Ótimo: você valoriza conquistas com frequência (alto nível de emoções positivas). Só monitore para não superestimar resultados; mantenha análise crítica equilibrada.,"Às vezes valoriza, às vezes não. Inclua um lembrete quinzenal para revisar metas e celebrar pelo menos uma conquista do período.","Tende a minimizar vitórias, o que pode minar motivação. Adote “diário de conquistas” com três coisas boas por dia; peça a um colega para lembrar-lhe de reconhecer seus próprios avanços."
3,Abertura À Experiência,1,Fantasia,55,"Imagino cenários de sucesso, como participar de projetos inovadores.",(1) Discordo Totalmente,(2) Discordo Parcialmente,(3) Neutro,(4) Concordo Parcialmente,(5) Concordo Totalmente,Visualização limitada pode reduzir a motivação. Defina um objetivo concreto (ex.: apresentar protótipo na Semana Acadêmica) e crie um quadro visual simples para lembrar a meta.,Você imagina sucessos pontuais. Reserve 2 min antes do estudo para visualizar o próximo passo vencido. Isso reforça engajamento sem dispersar.,"Cenários mentais elevam entusiasmo. Converta essa visão em checklist de ações práticas, garantindo que seus projetos avancem rumo ao cenário idealizado."
3,Abertura À Experiência,1,Fantasia,56,Crio exemplos mentais para tornar teorias mais interessantes.,(1) Discordo Totalmente,(2) Discordo Parcialmente,(3) Neutro,(4) Concordo Parcialmente,(5) Concordo Totalmente,"Falta de analogias pode dificultar a retenção. Anote um exemplo real de cada conceito (vídeo, caso de uso) para estimular a compreensão sem exigir muita imaginação.",Usa analogias quando útil. Continue relacionando teorias a situações do cotidiano para tornar o aprendizado mais concreto.,Analogias mentais enriquecem entendimento. Documente os melhores exemplos e compartilhe com colegas — isso fixa o conteúdo e gera troca de ideias.
3,Abertura À Experiência,1,Fantasia,57,Imagino situações reais relacionadas ao tema de estudo.,(1) Discordo Totalmente,(2) Discordo Parcialmente,(3) Neutro,(4) Concordo Parcialmente,(5) Concordo Totalmente,Conectar a teoria à prática pode aumentar interesse. Assista a um vídeo de aplicação de algum conteúdo estudado por semana para visualizar os conceitos em uso.,"Visualiza situações às vezes. Ao iniciar um novo assunto, identifique um caso real e descreva brevemente como o conceito se aplica.",Imaginação aplicada facilita integração teoria-prática. Crie um diário de ideias onde relacione cada conceito a possíveis projetos futuros.
3,Abertura À Experiência,1,Fantasia,58,Visualizo aplicações práticas dos conhecimentos aprendidos.,(1) Discordo Totalmente,(2) Discordo Parcialmente,(3) Neutro,(4) Concordo Parcialmente,(5) Concordo Totalmente,"Falta de visualização pode limitar a criatividade. Após cada aula, escreva uma aplicação prática em uma frase para reforçar utilidade do conteúdo.",Reconhece utilidade com moderação. Inclua sessão quinzenal de brainstorming rápido para mapear novas aplicações sem sair do cronograma.,"Forte visão de aplicação estimula inovação. Para não dispersar, selecione uma aplicação prioritária e desenvolva um protótipo mínimo viável."
3,Abertura À Experiência,1,Fantasia,59,Antevejo perguntas de apresentações e preparo respostas mentais.,(1) Discordo Totalmente,(2) Discordo Parcialmente,(3) Neutro,(4) Concordo Parcialmente,(5) Concordo Totalmente,Pouca antecipação pode gerar insegurança. Liste três perguntas prováveis e escreva respostas-chave antes de cada seminário.,Prepara respostas básicas. Continue praticando simulações curtas de Q&A com um colega para reforçar confiança.,Antecipação detalhada aumenta segurança. Grave um ensaio respondendo às principais questões e refine explicações conforme necessário.
3,Abertura À Experiência,1,Fantasia,60,Raramente uso analogias para entender conceitos complexos.,(1) Discordo Totalmente,(2) Discordo Parcialmente,(3) Neutro,(4) Concordo Parcialmente,(5) Concordo Totalmente,– Uso frequente de analogias fortalece aprendizado. Apenas verifique se a Discordar) analogia reflete todos os aspectos técnicos antes de aplicá-la.,"Analogia ocasional. Ao estudar um tema denso, force-se a criar uma comparação simples (ex.: fluxo de corrente = fluxo de água) para fixar o conceito.",– A falta de analogias pode dificultar a compreensão profunda. Experimente Concordar) resumir o conceito em metáfora visual curta no fim de cada capítulo.
3,Abertura À Experiência,2,Estética,61,Aprecio materiais de estudo bem organizados e atrativos.,(1) Discordo Totalmente,(2) Discordo Parcialmente,(3) Neutro,(4) Concordo Parcialmente,(5) Concordo Totalmente,"A pouca atenção à aparência pode dificultar a leitura rápida. Reserve 10 min ao final de cada sessão para ajustar títulos e aplicar um esquema de cores simples, aumentando a clareza sem grande esforço.","Valoriza a estética quando conveniente. Mantenha formatação básica (tópicos destacados, margens uniformes) e evite detalhes que consumam tempo excessivo.",Organização visual reforça a memorização. Defina um limite para embelezar materiais e priorize sempre a precisão do conteúdo.
3,Abertura À Experiência,2,Estética,62,Relaciono os conteúdos a expressões artísticas para memorizar melhor.,(1) Discordo Totalmente,(2) Discordo Parcialmente,(3) Neutro,(4) Concordo Parcialmente,(5) Concordo Totalmente,A ausência de conexões artísticas pode tornar temas abstratos. Experimente incluir um exemplo visual por capítulo para fixar conceitos sem dispersar.,Usa analogias artísticas em tópicos selecionados. Continue aplicando-as em temas mais complexos e registre rapidamente a associação para revisão futura.,"Integra arte ao estudo com frequência, o que amplia compreensão. Para economizar tempo, escolha expressões que representem bem o conceito e documente-as de forma sucinta."
3,Abertura À Experiência,2,Estética,63,Valorizo a estética de slides e anotações.,(1) Discordo Totalmente,(2) Discordo Parcialmente,(3) Neutro,(4) Concordo Parcialmente,(5) Concordo Totalmente,"Materiais podem ficar menos claros. Separe 10 min extras para padronizar fontes e cores básicas, melhorando a legibilidade.",Aplica recursos visuais quando útil. Continue destacando tópicos-chave e evite aperfeiçoamentos estéticos que não agreguem conteúdo.,Preocupação estética aumenta a atratividade. Limite o tempo de ajustes para não sacrificar a profundidade do estudo.
3,Abertura À Experiência,2,Estética,64,Sinto prazer em organizar meu espaço de estudo de forma agradável.,(1) Discordo Totalmente,(2) Discordo Parcialmente,(3) Neutro,(4) Concordo Parcialmente,(5) Concordo Totalmente,Ambiente desordenado pode distrair. Dedique 5 min antes de estudar para guardar itens soltos e deixar à vista apenas o necessário.,Mantenha a ordem razoável. Inclua uma arrumação rápida ao fim do dia para iniciar a próxima sessão em espaço limpo.,"Espaço bem arrumado eleva a motivação. Se notar rigidez, permita pequena desordem durante o trabalho e faça a organização final depois."
3,Abertura À Experiência,2,Estética,65,Uso esquemas coloridos e infográficos para revisão.,(1) Discordo Totalmente,(2) Discordo Parcialmente,(3) Neutro,(4) Concordo Parcialmente,(5) Concordo Totalmente,"Sem esses recursos, a revisão pode ficar densa. Introduza um esquema de cores limitado (até 3 tons) para destacar conceitos-chave sem alterar muito sua rotina.",Utilize elementos visuais quando necessário. Continue escolhendo diagramas para assuntos mais complexos e mantenha texto enxuto.,"Esquemas coloridos reforçam a memorização. Para evitar excesso, defina paleta fixa e use infográficos apenas nos pontos centrais do conteúdo."
3,Abertura À Experiência,2,Estética,66,Considero perda de tempo cuidar da aparência visual dos materiais.,(1) Discordo Totalmente,(2) Discordo Parcialmente,(3) Neutro,(4) Concordo Parcialmente,(5) Concordo Totalmente,Excelente: valoriza a forma sem esquecer o conteúdo. Monitore para que ajustes visuais não ultrapassem 15 % do tempo de estudo.,"Oscila entre achar útil e supérfluo. Avalie: se o recurso visual de acelerar revisões futuras, mantenha; caso contrário, simplifique.","– O desinteresse pela aparência pode reduzir engajamento. Adote Concordar) marcadores ou caixas de texto simples para separar tópicos, aumentando clareza sem gastar muito tempo."
4,Amabilidade,1,Franqueza,67,Sou honesto(a) com professores e colegas sobre minhas limitações.,(1) Discordo Totalmente,(2) Discordo Parcialmente,(3) Neutro,(4) Concordo Parcialmente,(5) Concordo Totalmente,A omissão dificulta a ajuda. Compartilhe uma limitação com um colega de confiança; isso abre espaço para suporte e aprendizado mútuo.,Você reconhece dificuldades em parte das situações. Continue praticando transparência para garantir que obstáculos sejam resolvidos rapidamente.,"A sinceridade plena fortalece a confiança. Mantenha tom construtivo e proponha soluções ao expor limitações, mostrando proatividade junto com franqueza."
4,Amabilidade,1,Franqueza,68,Não passo imagem falsa sobre meu progresso acadêmico.,(1) Discordo Totalmente,(2) Discordo Parcialmente,(3) Neutro,(4) Concordo Parcialmente,(5) Concordo Totalmente,Mostrar apenas sucessos pode levar a expectativas irreais. Experimente relatar progresso real (incluindo pendências).,"Geralmente realista, mas às vezes suaviza detalhes negativos. Inclua métricas objetivas (percentual concluído) nos relatórios para manter clareza.",A transparência total permite ajustes de cronograma em tempo hábil. Apenas evite excesso de informação técnica que possa confundir quem recebe.
4,Amabilidade,1,Franqueza,69,Admito quando não entendo algo.,(1) Discordo Totalmente,(2) Discordo Parcialmente,(3) Neutro,(4) Concordo Parcialmente,(5) Concordo Totalmente,Evitar admitir dúvidas prolonga erros. Anote as questões e leve ao professor ou grupo de estudo para esclarecê-las na primeira oportunidade.,Admitir dúvidas e pedir ajuda em tópicos pontuais. Continue registrando dúvidas em tempo real e esclarecendo-as.,"Reconhecer rapidamente o que não sabe acelera aprendizado. Para otimizar o tempo de todos, pesquise brevemente antes de perguntar; isso gera perguntas mais específicas."
4,Amabilidade,1,Franqueza,70,Acredito que a sinceridade ajuda na evolução de todos.,(1) Discordo Totalmente,(2) Discordo Parcialmente,(3) Neutro,(4) Concordo Parcialmente,(5) Concordo Totalmente,"Se não vê valor na sinceridade, pode subutilizar o feedback. Observe resultados de pessoas e equipes que praticam franqueza e teste essa abordagem em pequena escala.","Concorda em parte; pratique dando feedback construtivo em revisões de código ou relatórios, demonstrando benefícios na prática.",Convicção firme na sinceridade gera cultura de melhoria. Em relação aos outros combine elogios específicos com críticas pontuais para manter o clima colaborativo.
4,Amabilidade,1,Franqueza,71,"Confesso quando não cumpro um prazo, mesmo constrangido(a).",(1) Discordo Totalmente,(2) Discordo Parcialmente,(3) Neutro,(4) Concordo Parcialmente,(5) Concordo Totalmente,Esconder atrasos atrapalha o planejamento. Informe a falha rapidamente e proponha novo prazo ou plano de recuperação.,Assume atrasos em casos relevantes. Padronize atualização de status semanal para evitar surpresas de última hora.,Transparência imediata permite realocação de tarefas. Documente causas do atraso para prevenir recorrência e mostrar aprendizado.
4,Amabilidade,1,Franqueza,72,Prefiro esconder dificuldades para não parecer despreparado(a).,(1) Discordo Totalmente,(2) Discordo Parcialmente,(3) Neutro,(4) Concordo Parcialmente,(5) Concordo Totalmente,"Excelente abertura: você compartilha dificuldades naturalmente. Em reuniões, apenas observe o tempo para equilibrar espaço com colegas.","Às vezes esconde, às vezes compartilha. Estabeleça regra pessoal: revelar pelo menos uma dificuldade por projeto, mantendo fluxo de apoio constante.","Esconder problemas atrasa a solução. Comece por dividir pequenos obstáculos em conversas individuais; com o tempo, amplie essa prática a todo o grupo."
4,Amabilidade,2,Complacência,73,"Evito conflitos desnecessários, mesmo que precise ceder.",(1) Discordo Totalmente,(2) Discordo Parcialmente,(3) Neutro,(4) Concordo Parcialmente,(5) Concordo Totalmente,"Sua postura firme evita concessões precipitadas, mas pode gerar tensão. Antes de discordar, destaque um benefício comum e proponha alternativa que contemple ambos os lados.",Você pondera entre ceder e defender ponto de vista. Continue avaliando o impacto de cada conflito.,"Harmonia é prioridade para você. Para não comprometer metas pessoais, defina limite claro: ceder apenas se não afetar prazos ou escopo essencial do trabalho."
4,Amabilidade,2,Complacência,74,Concordo com a maioria para manter harmonia em grupos.,(1) Discordo Totalmente,(2) Discordo Parcialmente,(3) Neutro,(4) Concordo Parcialmente,(5) Concordo Totalmente,"Discorda quando necessário é essencial. Use escuta ativa para mostrar respeito antes de expor contraponto, reduzindo percepção de confronto.",Ajuste o posicionamento conforme relevância. Valide rapidamente se a decisão coletiva atende requisitos técnicos antes de aderir ou propor ajustes.,"Concordar preserva o clima amistoso, mas pode ocultar ideias valiosas. Em trabalhos em equipe, crie espaço “cinco minutos de divergência” para que todos exponham riscos antes da votação final."
4,Amabilidade,2,Complacência,75,"Aceito decisões do grupo, mesmo não sendo minhas preferidas.",(1) Discordo Totalmente,(2) Discordo Parcialmente,(3) Neutro,(4) Concordo Parcialmente,(5) Concordo Totalmente,"Defender preferência reforça autonomia, mas verifique se insistência agrega valor proporcional ao esforço adicional.","Costuma aceitar quando a diferença é pequena. Mantenha a prática de registrar objeções técnicas brevemente para futura referência, caso ajustes sejam necessários.","A aceitação rápida mantém o ritmo, porém pode impactar motivação. Sugira rodízio de responsabilidade para que, em outra fase, sua proposta seja testada."
4,Amabilidade,2,Complacência,76,Mantenho calma e busco soluções pacíficas em divergências.,(1) Discordo Totalmente,(2) Discordo Parcialmente,(3) Neutro,(4) Concordo Parcialmente,(5) Concordo Totalmente,"Confronto direto pode resolver rápido, mas cuidado: foque no problema, não na pessoa, para evitar desgaste.","Combina calma com firmeza. Preserve tom colaborativo e use técnicas de mediação (explicar, escutar, propor síntese) para fechar impasses.","Ser pacificador reduz o stress coletivo. Para não empacar em impasses sem decisão, estabeleça prazo para consenso; se falhar, proponha votação objetiva."
4,Amabilidade,2,Complacência,77,Procuro mediar divergências para que todos se sintam ouvidos.,(1) Discordo Totalmente,(2) Discordo Parcialmente,(3) Neutro,(4) Concordo Parcialmente,(5) Concordo Totalmente,"Como não costuma mediar, conflitos podem escalar. Experimente resumir posições opostas em uma frase cada; isso mostra neutralidade e acelera solução.",Atua como mediador quando necessário. Continue garantindo que cada membro fale ao menos uma vez antes da decisão final.,Forte habilidade de mediação. Mantenha atas curtas com acordos e responsáveis para evitar mal-entendidos após a conversa.
4,Amabilidade,2,Complacência,78,Faço questão de impor minhas opiniões mesmo que cause tensão.,(1) Discordo Totalmente,(2) Discordo Parcialmente,(3) Neutro,(4) Concordo Parcialmente,(5) Concordo Totalmente,"Boa disposição para consenso. Apenas garanta que suas ideias também apareçam — apresente-as como sugestões, não imposições.","Às vezes impõe, às vezes concilia. Defina critério: insistir somente quando impacto técnico for significativo.","A insistência pode prejudicar o clima da equipe. Aplique regra dos 2 min: exponha argumento principal em até dois minutos e, depois, abra para contrapontos antes de retomar posição."
5,Conscienciosidade,1,Competência,79,Confio na minha capacidade de entender conteúdos complexos se me esforçar.,(1) Discordo Totalmente,(2) Discordo Parcialmente,(3) Neutro,(4) Concordo Parcialmente,(5) Concordo Totalmente,A dúvida fragiliza a motivação. Divida o conteúdo em blocos de 30 – 40 min e registre cada trecho concluído; a visualização de progresso reforça a autoconfiança.,"Confiança moderada. Antes de iniciar um tema difícil, relembre vitórias passadas semelhantes para impulsionar o foco e persistência.","Forte crença na própria capacidade. Para evitar subestimar detalhes, valide entendimento com exercícios-chave ou breve explicação a um colega."
5,Conscienciosidade,1,Competência,80,Sinto-me confiante de que o estudo consistente me faz dominar o conteúdo.,(1) Discordo Totalmente,(2) Discordo Parcialmente,(3) Neutro,(4) Concordo Parcialmente,(5) Concordo Totalmente,"Falta de confiança no método gera procrastinação. Teste rotinas curtas, como Pomodoro, e acompanhe evolução semanal para comprovar a eficácia do esforço contínuo.","Reconhece o valor do estudo, mas às vezes duvida. Mantenha um calendário visual marcando dias de estudo efetivo; isso consolida a confiança no processo.",Certeza de que prática leva ao domínio. Eleve eficiência: revise conteúdo com técnica ensino-explicação (ensinar o conceito em 5 min).
5,Conscienciosidade,1,Competência,81,Acredito ter habilidades para concluir o curso com êxito.,(1) Discordo Totalmente,(2) Discordo Parcialmente,(3) Neutro,(4) Concordo Parcialmente,(5) Concordo Totalmente,Visão pessimista reduz resiliência. Elabore um road-map semestral do curso e destaque disciplinas já vencidas para tornar o objetivo final mais tangível.,Expectativa cautelosa. Revise metas a cada término de semestre e ajuste cronograma para manter rota clara até a formatura.,"Confiança sólida. Para não relaxar, estabeleça metas extras (estágio, iniciação científica) que complementem a trajetória e mantenham desafios."
5,Conscienciosidade,1,Competência,82,Reconheço que competência se desenvolve com prática contínua.,(1) Discordo Totalmente,(2) Discordo Parcialmente,(3) Neutro,(4) Concordo Parcialmente,(5) Concordo Totalmente,"Crer que habilidade é fixa limita evolução. Acompanhe progresso em planilha de horas de prática × desempenho (notas, bugs resolvidos) para comprovar ganho real.","Entende a importância da prática, mas pode a subutilizar. Agende sessões semanais de revisão ativa e monitore melhorias mensais.",Mentalidade de crescimento bem estabelecida. Amplie impacto orientando colegas em tópicos que você já domina — reforça aprendizagem mútua.
5,Conscienciosidade,1,Competência,83,"Após concluir tarefas difíceis, sinto-me capaz de enfrentar novos desafios.",(1) Discordo Totalmente,(2) Discordo Parcialmente,(3) Neutro,(4) Concordo Parcialmente,(5) Concordo Totalmente,Falta reconhecimento do próprio sucesso. Registre cada desafio vencido numa “lista de vitórias” e releia antes de iniciar nova tarefa complexa.,"Confiança cresce, mas oscila. Faça retrospectiva mensal destacando 3 conquistas e 3 aprendizados para manter impulso positivo.",Usa vitórias como combustível para os próximos passos. Crie uma lista escalonada de desafios (fácil → médio → avançado) para aproveitar o momento de autoconfiança.
5,Conscienciosidade,1,Competência,84,Duvido da minha competência mesmo após sucesso em tarefas complexas.,(1) Discordo Totalmente,(2) Discordo Parcialmente,(3) Neutro,(4) Concordo Parcialmente,(5) Concordo Totalmente,"É saudável reconhecimento das habilidades. Mas, para equilibrar, pratique autoavaliação crítica pontuando uma melhoria possível a cada sucesso.","Às vezes questiona competência. Mantenha o feedback objetivo de docentes (rubricas, notas) como referência externa para validar desempenho.","A autocrítica excessiva mina a confiança. Guarde evidências concretas (professor elogiando, nota satisfatória) e releia-as quando a dúvida surgir."
5,Conscienciosidade,2,Ordem,85,"Organizo materiais (artigos, livros, anotações) de forma sistemática.",(1) Discordo Totalmente,(2) Discordo Parcialmente,(3) Neutro,(4) Concordo Parcialmente,(5) Concordo Totalmente,A desorganização dificulta achar referências. Separe hoje mesmo uma pasta (física ou digital) para cada disciplina e mova todo o material correspondente; isso reduz buscas futuras.,Organização moderada. Agende revisão quinzenal para arquivar novos arquivos na estrutura existente e evitar acúmulo.,"Sistema robusto facilita estudo. Para não perder tempo catalogando demais, use regras automáticas (nomes-padrão ou filtros de e-mail) que arquivem arquivos novos sem trabalho manual."
5,Conscienciosidade,2,Ordem,86,Minha mesa de estudo costuma estar arrumada.,(1) Discordo Totalmente,(2) Discordo Parcialmente,(3) Neutro,(4) Concordo Parcialmente,(5) Concordo Totalmente,"Um ambiente caótico aumenta a distração. Reserve 5 min antes de cada sessão para guardar papéis/objetos, deixando na mesa só o que será usado.","Mantém ordem razoável. Inclua mini-rotina ao fim do dia: devolver livros e anotações ao lugar correto, garantindo início limpo na manhã seguinte.","Mesa impecável favorece o foco. Se notar rigidez, permita “bagunça controlada” enquanto trabalha e faça arrumação rápida apenas ao final."
5,Conscienciosidade,2,Ordem,87,Uso calendário ou planner para acompanhar atividades.,(1) Discordo Totalmente,(2) Discordo Parcialmente,(3) Neutro,(4) Concordo Parcialmente,(5) Concordo Totalmente,Falta de registro causa esquecimentos. Insira todos os prazos desta semana no Google Calendar e ative lembrete 24 h antes como primeiro passo.,Usa planner para datas principais. Acrescente lembretes de etapas intermediárias (ex.: rascunho do relatório) para evitar correria de última hora.,"Planejamento rigoroso garante previsibilidade. Para não sobrecarregar o calendário, agrupe tarefas similares em blocos (leitura, laboratório) e revise prioridades semanalmente."
5,Conscienciosidade,2,Ordem,88,"Planejo horários diários de leitura, exercícios e pausas.",(1) Discordo Totalmente,(2) Discordo Parcialmente,(3) Neutro,(4) Concordo Parcialmente,(5) Concordo Totalmente,Agenda vaga leva à procrastinação. Defina bloco fixo de 90 min para leitura técnica logo pela manhã; repita por 5 dias para criar hábito.,"Estrutura parcial. Confirme na noite anterior os três blocos-chave do dia seguinte (ex.: leitura, exercício, resumo) para chegar já decidido.",Grade horária bem definida otimiza rendimento. Mantenha 10 % de tempo em branco para imprevistos a fim de preservar a flexibilidade.
5,Conscienciosidade,2,Ordem,89,Arquivo notas digitais em pastas nomeadas por tema.,(1) Discordo Totalmente,(2) Discordo Parcialmente,(3) Neutro,(4) Concordo Parcialmente,(5) Concordo Totalmente,Notas soltas dificultam a revisão. Crie hierarquia simples (Curso > Disciplina > Tema) e mova notas antigas gradualmente durante revisões semanais.,Estrutura básica. Adote padrão único de nomes (ex.: 2025-08-04_Tema) para acelerar buscas futuras.,Arquivamento criterioso facilita a recuperação de informação. Automatize captura usando tags ou ferramentas como Notion/Obsidian para ganhar tempo.
5,Conscienciosidade,2,Ordem,90,Deixo anotações e arquivos espalhados sem critério.,(1) Discordo Totalmente,(2) Discordo Parcialmente,(3) Neutro,(4) Concordo Parcialmente,(5) Concordo Totalmente,Ótimo controle de arquivos. Apenas cheque trimestralmente se a estrutura ainda atende às necessidades ou precisa ajuste.,"Às vezes espalha, às vezes organiza. Defina “quinta da limpeza”: 15 min para realocar tudo que ficou solto durante a semana.","Desordem recorrente atrasa tarefas. Use regra dos 2-cliques: qualquer arquivo deve ser localizável em até dois cliques de pasta; se não, reestruture a hierarquia."
5,Conscienciosidade,3,Senso de Dever,91,Cumpro horários de estudo mesmo cansado(a) ou desmotivado(a).,(1) Discordo Totalmente,(2) Discordo Parcialmente,(3) Neutro,(4) Concordo Parcialmente,(5) Concordo Totalmente,A falta de regularidade reduz o rendimento. Defina um bloco mínimo inegociável (ex.: 25 min) e use um timer para começar – muitas vezes a motivação aparece após iniciar.,Cumpre na maioria das vezes. Mantenha um calendário visível com marcação diária; ver a sequência de dias estudados ajuda a não quebrar o ritmo.,Disciplina exemplar. Inclua pausas programadas e noites de descanso completo para evitar sobrecarga a longo prazo.
5,Conscienciosidade,3,Senso de Dever,92,Evito adiar tarefas; considero obrigação manter o planejamento.,(1) Discordo Totalmente,(2) Discordo Parcialmente,(3) Neutro,(4) Concordo Parcialmente,(5) Concordo Totalmente,"Procrastinação gera acúmulo. Divida a tarefa em micro-passos (ex.: introdução, método, resultados) e conclua um a cada sessão para manter avanço constante.","Raramente adia, mas ainda ocorre. Experimente prioridade 1-3-5: finalize 1 tarefa grande, 3 médias e 5 pequenas por semana para manter o fluxo.",Resistência sólida à procrastinação. Faça revisão semanal para redistribuir tarefas caso surjam imprevistos e evitar gargalos de última hora.
5,Conscienciosidade,3,Senso de Dever,93,Levo a sério metas de produção acadêmica que estabeleço.,(1) Discordo Totalmente,(2) Discordo Parcialmente,(3) Neutro,(4) Concordo Parcialmente,(5) Concordo Totalmente,"Metas soltas perdem força. Formalize um ‘contrato de estudo’ com um colega ou mentor, revisando metas toda sexta-feira.",Compromete-se com às principais metas. Converta cada meta de maneira simples (ex.: páginas por semana) para medir progresso objetivamente.,"Alto compromisso. Para não inflar expectativas, valide se cada meta é SMART (específica, mensurável, alcançável, relevante, temporal)."
5,Conscienciosidade,3,Senso de Dever,94,"Mesmo com convites atraentes, priorizo metas de estudo.",(1) Discordo Totalmente,(2) Discordo Parcialmente,(3) Neutro,(4) Concordo Parcialmente,(5) Concordo Totalmente,"Faltas frequentes atrasam tarefas. Use regra 2-de-5: em cada 5 convites, permita-se aceitar 2 e mantenha 3 sessões de estudo intactas.",Equilibra lazer e dever. Continue bloqueando trechos fixos (ex.: 19h-21h) como “horário intocável” para estudo intensivo.,Forte priorização. Agende atividade social como recompensa após marcos importantes; isso preserva redes pessoais sem sacrificar resultados.
5,Conscienciosidade,3,Senso de Dever,95,"Estudo nos horários planejados, mesmo sem vontade.",(1) Discordo Totalmente,(2) Discordo Parcialmente,(3) Neutro,(4) Concordo Parcialmente,(5) Concordo Totalmente,"Vontade flutuante impede consistência. Utilize o método ‘arraste-e-solte’: se perder o horário, reprograme no mesmo dia para não pular a sessão.","Normalmente cumpre, mas cede ocasionalmente. Prepare rota alternativa curta (ex.: 30 min de revisão) quando estiver sem energia, mantendo a cadência.",Cumprimento rigoroso. Inclua exercícios leves ou técnicas de respiração entre blocos para renovar disposição sem quebrar o cronograma.
5,Conscienciosidade,3,Senso de Dever,96,Deixo para estudar “quando der”; não vejo problema em alterar responsabilidades.,(1) Discordo Totalmente,(2) Discordo Parcialmente,(3) Neutro,(4) Concordo Parcialmente,(5) Concordo Totalmente,"Ótimo senso de responsabilidade. Só garanta flexibilidade mínima para ajustes de última hora, mantendo o planejamento como guia principal.",Às vezes flexibiliza demais. Defina limite claro: remanejar no máximo uma sessão por semana; o restante permanece fixo.,"Falta de compromisso afeta prazos. Instale lembretes no celular para iniciar sessões e peça a um colega para checar seu progresso duas vezes por semana, reforçando responsabilidade."
